conspiracy,4597
reddit.com/r/conspiracy,2390
worldnews,808
politics,653
reddit.com/r/politics,550
news,404
The_Donald,382
todayilearned,284
reddit.com/r/news,273
IAmA,266
AskReddit,265
reddit.com/r/worldnews,264
reddit.com/r/all,243
pics,187
technology,186
undelete,170
videos,157
science,129
C_S_T,129
reddit.com/r/Conspiracy,126
reddit.com/r/conspiratard,123
reddit.com/r/the_donald,116
conspiratard,112
reddit.com/r/The_Donald,88
reddit.com/r/undelete,77
Documentaries,75
funny,72
worldpolitics,70
AdviceAnimals,68
reddit.com/r/videos,66
reddit.com/r/topmindsofreddit,66
WTF,65
WikiLeaks,60
Bitcoin,59
NolibsWatch,59
reddit.com,58
911truth,56
announcements,52
explainlikeimfive,52
POLITIC,49
SubredditDrama,45
TopMindsOfReddit,44
reddit.com/r/pizzagate,43
reddit.com/r/technology,43
reddit.com/r/pics,42
history,41
nosleep,41
holofractal,38
reddit.com/r/bestof,38
SandersForPresident,37
bestof,36
reddit.com/r/atheism,36
RomeRules,35
Electromagnetics,35
reddit.com/r/science,34
subredditcancer,33
movies,33
privacy,32
changemyview,32
reddit.com/r/electromagnetics,31
TruthLeaks,30
pizzagate,30
blog,30
gaming,30
axolotl_peyotl,30
LimitedHangouts,29
DNCleaks,27
reddit.com/r/the_Donald,27
Libertarian,27
reddit.com/r/Politics,26
reddit.com/r/funny,26
ModerationLog,26
WayOfTheBern,25
reddit.com/r/worldpolitics,25
reddit.com/r/wikileaks,25
PoliticalDiscussion,25
TrueReddit,25
sorceryofthespectacle,25
reddit.com/r/subredditdrama,25
gifs,24
WhereIsAssange,24
badBIOS,24
reddit.com/r/askreddit,23
HailCorporate,23
reddit.com/r/CoincidenceTheorist,23
OutOfTheLoop,23
Showerthoughts,22
Retconned,22
syriancivilwar,22
ronpaul,22
occupywallstreet,22
europe,21
UFOs,21
TargetedEnergyWeapons,21
reddit.com/r/fatpeoplehate,21
reddit.com/r/history,21
Gangstalking,21
atheism,20
AlternativeHistory,19
askscience,19
Anarchism,19
reddit.com/r/gaming,19
KotakuInAction,19
restorethefourth,19
shills,18
reddit.com/r/Occupywallstreet,18
reddit.com/r/holofractal,18
unitedkingdom,18
canada,18
reddit.com/r/space,18
AskHistorians,18
reddit.com/r/911truth,18
PoliticalModeration,18
postnationalist,18
dataisbeautiful,16
reddit.com/r/hillaryclinton,16
Futurology,16
mindcontrol,16
reddit.com/r/neurology,16
YouShouldKnow,16
UnresolvedMysteries,15
HillaryForPrison,15
worldtoday,15
Bad_Cop_No_Donut,15
nottheonion,14
reddit.com/r/C_S_T,14
reddit.com/r/gangstalking,14
moosearchive,14
DigitalCartel,14
reddit.com/r/offmychest,14
skeptic,14
self,14
reddit.com/r/circlejerk,14
reddit.com/r/redditrequest,14
reddit.com/r/Wikileaks,13
Israel,13
changelog,13
aww,13
reddit.com/r/spacex,13
isrconspiracyracist,13
reddit.com/r/ADHD,13
voterfraud,13
reddit.com/r/showerthoughts,12
collapse,12
reddit.com/r/TopMindsOfReddit,12
reddit.com/r/todayilearned,12
reddit.com/r/uncensorship,12
socialism,12
EnoughTrumpSpam,12
reddit.com/r/WTF,12
modnews,12
reddit.com/r/targetedenergyweapons,12
RightToRemainSilent,12
reddit.com/r/conspiritard,12
reddit.com/r/restorethefourth,12
uncensorednews,11
reddit.com/r/WikiLeaks,11
TheoryOfReddit,11
space,11
Christianity,11
reddit.com/r/LimitedHangouts,11
trees,11
geopolitics,11
TSBD,11
reddit.com/r/changemyview,11
offmychest,11
MensRights,11
reddit.com/r/adviceanimals,11
reddit.com/r/occupywallstreet,11
magnora7,10
reddit.com/r/skeptic,10
reddit.com/r/MarchAgainstTrump,10
reddit.com/r/aww,10
occult,10
reddit.com/r/syriancivilwar,10
redditrequest,10
reddit.com/r/AskReddit,10
WeMakeTheTerror,10
reddit.com/r/europe,10
Psychonaut,10
cringe,10
australia,10
reddit.com/r/conspiracydocumentary,10
reddit.com/r/SubredditDrama,10
reddit.com/r/medicine,10
reddit.com/r/reddit.com,10
holocaust,10
reddit.com/r/badBIOS,10
reddit.com/r/uncensorednews,9
reddit.com/r/TruthLeaks,9
quityourbullshit,9
reddit.com/r/longtail,9
reddit.com/r/coontown,9
Conservative,9
reddit.com/r/askscience,9
New_Movement,9
Health,9
reddit.com/r/place,9
russia,9
Jokes,9
netsec,9
Anarcho_Capitalism,9
reddit.com/r/politics1,9
reddit.com/r/subredditcancer,9
Music,9
longtail,9
environment,9
Economics,9
AmericanHorrorStory,9
reddit.com/r/enoughsandersspam,9
reddit.com/r/EnoughPaulSpam,9
reddit.com/r/Conspiratard,9
reddit.com/r/cringe,9
altnewz,9
reddit.com/r/metaredditcancer,9
television,8
conspiro,8
theworldisflat,8
aliens,8
reddit.com/r/esist,8
CoincidenceTheorist,8
ShrugLifeSyndicate,8
RBI,8
ImGoingToHellForThis,8
reddit.com/r/snowden,8
reddit.com/r/t_d,8
reddit.com/r/creepy,8
creepy,8
misc,8
reddit.com/r/undeleteundelete,8
reddit.com/r/limitedhangouts,8
hacking,8
reddit.com/r/sandersforpresident,8
reddit.com/r/spam,8
JadeHelm,8
ideasfortheadmins,8
reddit.com/r/AdviceAnimals,8
boston,8
NSALeaks,8
reddit.com/r/oppression,8
reddit.com/r/hailcorporate,7
whatisthisthing,7
MarchAgainstTrump,7
reddit.com/r/HailCorporate,7
reddit.com/r/WorldNews,7
reddit.com/r/psychotronics,7
PedoGate,7
reddit.com/r/theworldisflat,7
reddit.com/r/art,7
reddit.com/r/movies,7
reddit.com/r/ronpaul,7
reddit.com/r/nosleep,7
reddit.com/r/collapse,7
reddit.com/r/con,7
reddit.com/r/NolibsWatch,7
bidenbro,7
reddit.com/r/shitredditsays,7
circlejerk,7
reddit.com/r/new,7
quotes,7
reddit.com/r/TodayILearned,7
propaganda,7
RedditCensorship,7
reddit.com/r/tinfoilhats,7
reddit.com/r/MFA,7
books,7
reddit.com/r/documentaries,7
reddit.com/r/naturopathy,7
reddit.com/r/punchablefaces,7
offbeat,7
Android,7
ukUndelete,7
inthenews,7
AnythingGoesNews,7
european,7
ADHD,7
undeleteShadow,7
Sep2015Event,7
cringepics,7
evolutionReddit,7
reddit.com/r/UkrainianConflict,7
progun,7
BlackPeopleTwitter,6
ParsingSol,6
HighStrangeness,6
reddit.com/r/TIL,6
reddit.com/r/announcements,6
reddit.com/r/SandersForPresident,6
reddit.com/r/Pizzagate,6
uncensorship,6
UpliftingNews,6
reddit.com/r/vegan,6
josephpfarrell,6
reddit.com/r/popular,6
Paranormal,6
reddit.com/r/bitcoin,6
reddit.com/r/jokes,6
shill,6
legaladvice,6
JoeRogan,6
reddit.com/r/politicaldiscussion,6
reddit.com/r/privacy,6
reddit.com/r/de,6
reddit.com/r/sorceryofthespectacle,6
reddit.com/r/EnoughTrumpSpam,6
reddit.com/r/propaganda,6
hillaryclinton,6
4chan,6
reddit.com/r/IAMA,6
philosophy,6
Glitch_in_the_Matrix,6
nba,6
Oppression,6
reddit.com/r/inthenews,6
reddit.com/r/jailbait,6
reddit.com/r/RachelCorrie,6
economy,6
Military,6
thebutton,6
MURICA,6
reddit.com/r/ShitRedditSays,6
RealGirls,6
wanttobelieve,6
EndlessWar,6
EnoughPaulSpam,6
OKCbombingconspiracy,6
lostgeneration,6
reddit.com/r/jewconspiracy,6
reddit.com/r/holocaust,6
DornerCase,6
reddit.com/r/Bad_Cop_No_Donut,5
reddit.com/r/parsingsol,5
personalfinance,5
reddit.com/r/actualconspiracies,5
reddit.com/r/UFOs,5
reddit.com/r/AlternativeHistory,5
ConspiracyII,5
reddit.com/r/T_D,5
AntarcticAnomalies,5
zen,5
reddit.com/r/isrconspiracyracist,5
reddit.com/r/Worldnews,5
reddit.com/r/Israel,5
religion,5
reddit.com/r/philosophy,5
reddit.com/r/RomeRules,5
reddit.com/r/enoughtrumpspam,5
Seattle,5
CIA,5
reddit.com/r/pedogate,5
the_donald,5
investing,5
WLResearchCommunity,5
PoliticalHumor,5
reddit.com/r/redacted,5
reddit.com/r/amazondeals,5
reddit.com/r/canada,5
reddit.com/r/GMOMyths,5
reddit.com/r/books,5
reddit.com/r/occult,5
reddit.com/r/fakenews,5
PoliticalVideo,5
de,5
Political_Revolution,5
jillstein,5
reddit.com/r/bf,5
TheRedPill,5
sports,5
JFKresearcher,5
tinfoilhats,5
reddit.com/r/offbeat,5
reddit.com/r/EnoughLibertarianSpam,5
mildlyinteresting,5
trendingsubreddits,5
reddit.com/r/JFKTruth,5
actualconspiracies,5
programming,5
SocialEngineering,5
reddit.com/r/psychology,5
Blackout2015,5
reddit.com/r/IAmA,5
UkrainianConflict,5
JewConspiracy,5
EbolaHoax,5
reddit.com/r/conspiro,5
reddit.com/r/conspiratards,5
reddit.com/r/trees,5
MorbidReality,5
reddit.com/r/christianity,5
reddit.com/r/findbostonbombers,5
Permaculture,4
electronic_cigarette,4
reddit.com/r/josephpfarrell,4
predictions,4
reddit.com/r/MandelaEffect,4
reddit.com/r/fringescience,4
CringeAnarchy,4
ethereum,4
LateStageCapitalism,4
reptiliandata,4
LifeProTips,4
reddit.com/r/New_American_System,4
reddit.com/r/whereisassange,4
reddit.com/r/AltRight,4
Drama,4
BasicIncome,4
NorthKoreaNews,4
conspiracies,4
ModSupport,4
reddit.com/r/thedonald,4
ukpolitics,4
DarkNetMarkets,4
reddit.com/r/NSALeaks,4
reddit.com/r/DNCleaks,4
tifu,4
scifi,4
reddit.com/r/anarchism,4
NoCorporations,4
reddit.com/r/FAKE,4
reddit.com/r/Iama,4
btc,4
exmormon,4
kings,4
GamerGhazi,4
reddit.com/r/altright,4
altright,4
reddit.com/r/Socialism,4
NoStupidQuestions,4
all,4
reddit.com/r/Pol,4
badselfeater,4
BitWars,4
reddit.com/r/bidenbro,4
reddit.com/r/socialism,4
reddit.com/r/reddit,4
gadgets,4
reddit.com/r/cannibals,4
casualiama,4
reddit.com/r/television,4
Atlanta,4
law,4
reddit.com/r/TheRecordCorrected,4
reddit.com/r/conservative,4
google,4
nfl,4
Intelligence,4
math,4
reddit.com/r/TSBD,4
engineering,4
conspirology,4
reddit.com/r/Political_Revolution,4
Judaism,4
reddit.com/r/News,4
enoughsandersspam,4
soccer,4
reddit.com/r/shills,4
Palestine,4
malefashionadvice,4
reddit.com/r/holistichealth,4
reddit.com/r/Science,4
reddit.com/r/NationalSocialism,4
reddit.com/r/Documentaries,4
reddit.com/r/Rachel_Corrie,4
reddit.com/r/electionreform,4
votingtheory,4
ElectionActivism,4
reddit.com/r/voting,4
reddit.com/r/theredpill,4
GMOMyths,4
chicago,4
reddit.com/r/undeleteShadow,4
reddit.com/r/iama,4
toronto,4
jailbreak,4
reddit.com/r/isconspiracyracist,4
redditdev,4
snowden,4
islam,4
reddit.com/r/UnitedWeStand,4
circlebroke,4
reddit.com/r/thebutton,4
ShitRedditSays,4
reddit.com/r/listentothis,4
reddit.com/r/cons,4
reddit.com/r/Op_Jade_Helm_15,4
reddit.com/rules,4
reddit.com/r/digitalcartel,4
reddit.com/r/Shitredditsays,4
reddit.com/r/Stuff,4
reddit.com/r/environment,4
VaccineMyths,4
reddit.com/r/conspiracymusic,4
MilitaryConspiracy,4
badhistory,4
reddit.com/r/military,4
business,4
techsupport,4
FalseFlagWatch,4
reddit.com/r/Redditlution,4
Skycentrism,4
reddit.com/r/conspiratocracy,4
reddit.com/r/futurology,4
fringediscussion,4
reddit.com/r/video,4
ConspiracyHumour,4
findbostonbombers,4
AlternateNews,4
reddit.com/r/RedditDayOf,4
reddit.com/r/relationships,3
reddit.com/r/ParsingSol,3
starterpacks,3
reddit.com/r/conspiracyfact,3
reddit.com/r/altnewz,3
reddit.com/r/truthleaks,3
Fuckthealtright,3
KarmaCourt,3
reddit.com/r/marchagainsttrump,3
AgeplayPenPals,3
esist,3
betternews,3
pcgaming,3
RedditCensors,3
reddit.com/r/new_american_system,3
reddit.com/r/investing,3
exjw,3
AgainstHateSubreddits,3
reddit.com/r/SaltLakeCity,3
reddit.com/r/Anarchism,3
exjew,3
media_criticism,3
reddit.com/r/conspiracyUSA,3
reddit.com/r/LateStageCapitalism,3
reddit.com/r/AskScience,3
reddit.com/r/consp,3
reddit.com/r/soccer,3
reddit.com/r/latestagecapitalism,3
topofreddit,3
reddit.com/r/nba,3
MMA,3
medicine,3
fakenews,3
reddit.com/r/Operation_Berenstain,3
teslamotors,3
reddit.com/r/frugalmalefashion,3
reddit.com/r/dataisbeautiful,3
reddit.com/r/chemprints,3
The_Redacted,3
korea,3
Silverbugs,3
TwoXChromosomes,3
reddit.com/r/operation_berenstain,3
help,3
h3h3productions,3
reddit.com/r/4chan,3
reddit.com/r/twoxchromosomes,3
linux,3
MandelaEffect,3
india,3
reddit.com/r/TheDonald,3
reddit.com/r/ELI5,3
Drugs,3
reddit.com/r/pi22agate,3
reddit.com/r/dankmemes,3
reddit.com/r/gmomyths,3
WikileaksTimeline,3
reddit.com/r/pedofriends,3
marvelstudios,3
reddit.com/r/ConSpiritOrs,3
reddit.com/r/PizzaGate,3
reddit.com/r/outoftheloop,3
reddit.com/r/geopolitics,3
reddit.com/r/hillaryforprison,3
reddit.com/r/conspirators,3
reddit.com/r/HillaryClinton,3
bugs,3
reddit.com/r/HillaryForPrison,3
reddit.com/r/bravefrontier,3
reddit.com/r/everymanshouldknow,3
nyc,3
reddit.com/r/EverythingScience,3
EverythingScience,3
reddit.com/r/OutOfTheLoop,3
steemit,3
AMA,3
Aug2016Event,3
reddit.com/r/gifs,3
CrazyIdeas,3
reddit.com/r/TheSphinxClub,3
reddit.com/r/moosearchive,3
reddit.com/r/feminism,3
worstof,3
sweden,3
reddit.com/r/NewJerseyFreakshow,3
reddit.com/r/drama,3
reddit.com/r/ukpolitics,3
reddit.com/r/towerchallenge,3
spam,3
Advice,3
OccultConspiracy,3
reddit.com/r/USnoIsrael,3
reddit.com/r/AskHistorians,3
racism,3
DotA2,3
ProtectAndServe,3
reddit.com/r/JFKassasination,3
BestOfOutrageCulture,3
Commonwealths,3
reddit.com/r/GetOutOfBed,3
reddit.com/r/ImGoingToHellForThis,3
reddit.com/r/videosplus,3
theydidthemath,3
reddit.com/r/JadeHelm,3
GNV,3
reddit.com/r/suicidology,3
SuicideWatch,3
reddit.com/r/health,3
reddit.com/r/unitedkingdom,3
reddit.com/r/TrueReddit,3
anonymous,3
food,3
ChillingEffects,3
punchablefaces,3
greenlight,3
raisedbynarcissists,3
reddit.com/r/FatPeopleHate,3
sfwpornnetwork,3
reddit.com/r/wtf,3
reddit.com/r/law,3
reddit.com/r/amifreetogo,3
reddit.com/r/wanttobelieve,3
reddit.com/r/redditconspiracy,3
DebateReligion,3
hivaids,3
reddit.com/r/snew,3
Astronomy,3
reddit.com/r/gaytheism,3
reddit.com/r/depression,3
Op_Jade_Helm_15,3
reddit.com/r/leagueoflegends,3
reddit.com/r/Videos,3
JusticePorn,3
TrueAskReddit,3
standupshots,3
israelexposed,3
WhiteRights,3
rage,3
reddit.com/r/nolibswatch,3
reddit.com/r/libertarian,3
tipofmytongue,3
whatif,3
reddit.com/r/Space,3
spacex,3
aviation,3
reddit.com/r/montageparodies,3
reddit.com/r/shill,3
reddit.com/r/UNAgenda21,3
reddit.com/r/conspirology,3
reddit.com/r/NoLibsWatch,3
reddit.com/r/moderationlog,3
reddit.com/r/SandyHookJustice,3
CryptoCurrency,3
reddit.com/r/conspiracybestof,3
reddit.com/r/WatchingYou,3
reddit.com/r/iran,3
reddit.com/r/xkcd,3
reddit.com/r/mensrights,3
Anticonsumption,3
reddit.com/r/conspiracyv2,3
climateskeptics,3
PropagandaPosters,3
SilkRoad,3
UNAgenda21,3
reportthespammers,3
ethicalist,3
DavidIcke,3
darknetplan,3
DocumentedTruth,3
reddit.com/r/conspiracymeta,3
SOS,3
reddit.com/r/Rothschild,3
Rothschild,3
governmentoppression,3
reddit.com/r/music,3
reddit.com/r/creepshots,3
AGENDA21,3
EnoughObamaSpam,3
reddit.com/r/NYC,3
MilitaryTruth,3
OperationGrabAss,3
ModsAreKillingReddit,3
Khazar_Pride,3
CommonLaw,3
Political_Tweets,2
reddit.com/r/Parsingsol,2
reddit.com/r/nottheonion,2
reddit.com/r/UFO,2
NoFap,2
Entrepreneur,2
reddit.com/r/SasquatchAttacks,2
reddit.com/r/AntarcticAnomalies,2
reddit.com/r/ConspiracyNews,2
reddit.com/r/countermine,2
reddit.com/r/falseflagwatch,2
reddit.com/r/Subliminal,2
reddit.com/r/NoCorporations,2
HarbinHotSprings,2
finlandConspiracy,2
reddit.com/r/alternativehistory,2
reddit.com/r/paranormal,2
howardstern,2
DebateVaccine,2
reddit.com/r/iamverysmart,2
Parenting,2
lacortenews,2
reddit.com/r/conspriacy,2
SethRichInvestigation,2
awakening_2016,2
texas,2
reddit.com/r/ConspiracyMemes,2
Philippines,2
Omaha,2
QABuddyReddit,2
reddit.com/r/wholesomememes,2
towerchallenge,2
reddit.com/r/youshouldknow,2
TrumpInvestigation,2
neoliberal,2
sex,2
reddit.com/r/The_donald,2
reddit.com/r/eminem,2
reddit.com/r/TwoXChromosomes,2
PizzaGateV2,2
Zionism,2
reddit.com/r/vegancirclejerk,2
PrisonStrike,2
RedditMinusMods,2
reddit.com/r/media_criticism,2
reddit.com/r/preppers,2
reddit.com/r/AmIFreeToGo,2
reddit.com/r/DocumentedTruth,2
reddit.com/r/impeach_trump,2
reddit.com/r/PS4,2
SeaShepherd,2
USHistory,2
reddit.com/r/hearthstone,2
reddit.com/r/nextrasaga,2
TheRecordCorrected,2
reddit.com/r/OccupyLangley,2
reddit.com/r/Showerthoughts,2
reddit.com/r/neutralpolitics,2
reddit.com/r/c_s_t,2
SethRich,2
reddit.com/r/askconspiracy,2
reddit.com/r/Sweden,2
reddit.com/r/morbidreality,2
polandball,2
Monsanto,2
reddit.com/r/hiphopheads,2
reddit.com/r/opsauce,2
SecretNoMore,2
CombatFootage,2
pussypassdenied,2
apple,2
censorship,2
reddit.com/r/boston,2
reddit.com/r/WayoftheBern,2
reddit.com/r/HillaryforPrison,2
Trumpgret,2
reddit.com/r/SubredditCancer,2
reddit.com/r/blog,2
flatearth,2
reddit.com/r/israel,2
youtube,2
reddit.com/r/world,2
reddit.com/r/whitebeauty,2
Images,2
reddit.com/r/magnora7,2
autotldr,2
reddit.com/r/guns,2
reddit.com/r/Redacted,2
lectures,2
Journalism,2
Nudelete,2
reddit.com/r/political_revolution,2
reddit.com/r/badhistory,2
reddit.com/r/romerules,2
reddit.com/r/misc,2
reddit.com/r/consiracy,2
ActionCommittee,2
reddit.com/r/activism,2
crypto,2
FanTheories,2
reddit.com/r/trashy,2
InternetIsBeautiful,2
reddit.com/r/DNCLeaks,2
reddit.com/r/PoliticalVideo,2
AskScienceDiscussion,2
reddit.com/r/conspiracies,2
reddit.com/r/liberal,2
reddit.com/r/democrats,2
live,2
progressive,2
reddit.com/r/Donald,2
reddit.com/r/theydidthemath,2
reddit.com/r/Sandersforpresident,2
MH370,2
woahdude,2
bravefrontier,2
TheRealJillStein,2
reddit.com/r/Minecraft,2
reddit.com/r/modtalk,2
exchangeserver,2
reddit.com/r/quotes,2
reddit.com/r/finance,2
Physics,2
freemasonry,2
reddit.com/r/monero,2
reddit.com/r/cancer,2
olympics,2
reddit.com/r/CIA,2
interestingasfuck,2
reddit.com/r/loudspeakers,2
reddit.com/r/mandelaeffect,2
reddit.com/r/CST,2
reactiongifs,2
reddit.com/r/s4p,2
NormalParty,2
moonhoax,2
travel,2
reddit.com/r/malefashionadvice,2
reddit.com/r/autism,2
gangstalkingmkultra,2
reddit.com/r/Treason,2
reddit.com/r/TortureReport,2
reddit.com/r/UNagenda21,2
neurology,2
reddit.com/r/health24,2
HolisticHealth,2
reddit.com/r/ALS,2
LosAngeles,2
PanamaPapers,2
mildlyinfuriating,2
reddit.com/r/Askreddit,2
reddit.com/r/Pyongyang,2
reddit.com/r/permaculture,2
reddit.com/r/self,2
reddit.com/r/racism,2
reddit.com/r/gettingoutofbed,2
reddit.com/r/linux,2
reddit.com/r/abortion,2
london,2
Australianfreespeech,2
csgobetting,2
reddit.com/r/JFKassassination,2
AlienBlue,2
Art,2
TiADiscussion,2
Standup,2
reddit.com/r/alternative_history,2
USnoIsrael,2
MakingaMurderer,2
China,2
NaziHunting,2
ConspiracyAMA,2
reddit.com/r/unremovable,2
reddit.com/r/conspiracyAMA,2
StarWars,2
DarthJarJar,2
reddit.com/r/me_irl,2
reddit.com/r/csshelp,2
suicidology,2
reddit.com/r/suicidewatch,2
psychology,2
reddit.com/r/watchpeopledie,2
reddit.com/r/Cringe,2
reddit.com/r/range,2
saudiarabia,2
reddit.com/r/saudiarabia,2
reddit.com/r/conspiracymemes,2
shadeballs,2
reddit.com/r/psychonaut,2
reddit.com/r/EternityClub,2
opensource,2
AskEngineers,2
reddit.com/r/corruption,2
reddit.com/r/Punchablefaces,2
reddit.com/r/blackfathers,2
ConspiracyMemes,2
reddit.com/r/til,2
TheDonald2016,2
reddit.com/r/lounge,2
reddit.com/r/GMOmyths,2
reddit.com/r/publicdiscourse,2
reddit.com/r/KotakuInAction,2
WorldNewsWatch,2
reddit.com/r/hacking,2
reddit.com/r/AlienBlue,2
redditdata,2
Mneumonese,2
GoldTesting,2
reddit.com/r/Music,2
reddit.com/r/DIY,2
reddit.com/r/sexwithbears,2
reddit.com/r/crappydesign,2
reddit.com/r/ienjoybathing,2
reddit.com/r/splitdepthgifs,2
PaoMustResign,2
reddit.com/r/spain,2
reddit.com/r/PiratesoftheCaribbean,2
reddit.com/r/htgawm,2
reddit.com/r/de_IAmA,2
reddit.com/r/CrappyDesign,2
listentothis,2
reddit.com/r/Outoftheloop,2
iama,2
Liberal,2
noshill,2
conspiracyfact,2
PlanetX,2
reddit.com/r/skincareaddiction,2
reddit.com/r/sewing,2
reddit.com/r/FPH,2
reddit.com/r/conpiracy,2
reddit.com/r/food,2
Ellenpaoinaction,2
WritingPrompts,2
leagueoflegends,2
reddit.com/r/postnationalist,2
reddit.com/r/Canada,2
elisalam,2
utcognoscantveritatem,2
reddit.com/r/discusstheopenletter,2
holdmybeer,2
hiphopheads,2
reddit.com/r/OccupyWallStreet,2
reddit.com/r/lostgeneration,2
reddit.com/r/ProtectAndServe,2
NewsToMeToo,2
reddit.com/r/MensRights,2
RemovedComments,2
reddit.com/r/stuff,2
reddit.com/r/Reddit.com,2
canadafree,2
reddit.com/r/whatisthisthing,2
reddit.com/r/canadafree,2
newjersey,2
NewRussia,2
Cyberpunk,2
reddit.com/r/Subredditdrama,2
reddit.com/r/LGBT,2
reddit.com/r/violentSRS,2
reddit.com/r/european,2
fullmoviesonyoutube,2
reddit.com/r/whiterights,2
reddit.com/r/ask_politics,2
reddit.com/r/repairgovernment,2
reddit.com/r/politic,2
HistoryPorn,2
reddit.com/r/deletenothing,2
reddit.com/r/vaccinemyths,2
CanadaPolitics,2
reddit.com/r/Enhancement,2
ebola,2
StormComing,2
reddit.com/r/Stormcoming,2
reddit.com/r/worstof,2
reddit.com/r/remove,2
sysadmin,2
reddit.com/r/publicintelligence,2
fatlogic,2
reddit.com/r/bronies,2
reddit.com/r/enoughpaulspam,2
reddit.com/r/space2,2
botwatch,2
reddit.com/r/SubRedditDrama,2
reddit.com/r/darkpub,2
UCSantaBarbara,2
A858DE45F56D9BC9,2
reddit.com/r/nsaleaks,2
reddit.com/r/actnow,2
tech,2
ElderScrolls,2
reddit.com/r/privateinvestigate,2
HumanPorn,2
reddit.com/r/joos,2
reddit.com/r/NormalHumansClub,2
WatchingYou,2
reddit.com/r/consciousmusic,2
strangestateufo,2
friends,2
reddit.com/r/fffffffuuuuuuuuuuuu,2
reddit.com/r/Christianity,2
cars,2
StonerPhilosophy,2
newsweek,2
reddit.com/r/tor,2
iran,2
xkcd,2
RealEstate,2
conspiratocracy,2
reddit.com/r/fukushima,2
reddit.com/r/conspiriacy,2
houston,2
reddit.com/r/truth,2
ads,2
reddit.com/r/best,2
reddit.com/r/CircleJerk,2
AmberLyon,2
Foodforthought,2
SilkroadUNcensored,2
reddit.com/r/economy,2
photography,2
reddit.com/r/drugart,2
reddit.com/r/RT4CircleJerk,2
reddit.com/r/Games,2
reddit.com/r/islam,2
reddit.com/r/monolithic,2
reddit.com/r/KarmaConspiracy,2
reddit.com/r/Vetting,2
conspiracydocumentary,2
reddit.com/r/secretsocieties,2
confession,2
new_right,2
DescentIntoTyranny,2
chess,2
Portland,2
reddit.com/r/ConspiracyX,2
reddit.com/r/conspiracysatire,2
OliveGardenConspiracy,2
reddit.com/r/fringecourt,2
reddit.com/r/revolution,2
reddit.com/r/cryptography,2
reddit.com/r/docs,2
reddit.com/r/wikipedia,2
wikipedia,2
conservatives,2
9gag,2
guns,2
reddit.com/r/ufos,2
reddit.com/r/Gaming,2
Frugal,2
googlecensorship,2
Liberty,2
AllOccupy,2
reddit.com/r/politcs,2
RachelCorrie,2
DoesAnybodyElse,2
reddit.com/r/raspberry_pi,2
RedditDayOf,2
reddit.com/r/skateboarding,2
reddit.com/r/owswatch,2
LittleBrother,2
333,2
reddit.com/r/infograffiti,2
PhilosophyofScience,2
reddit.com/r/syria,1
reddit.com/r/syrianconflict,1
reddit.com/r/timetravelhub,1
Iota,1
ChristiansAwake2NWO,1
reddit.com/r/WeWantPlates,1
reddit.com/r/subraddits,1
chrisolivertimes,1
reddit.com/r/chrisolivertimes,1
reddit.com/r/reincarnation,1
reddit.com/r/pastlives,1
reddit.com/r/pinealgate,1
reddit.com/r/Pinealgate,1
MilitaryGfys,1
reddit.com/r/All,1
reddit.com/r/redpill,1
ethtrader,1
NoWarinSyria,1
reddit.com/r/WeMakeTheTerror,1
reddit.com/r/ConspiracyII,1
reddit.com/r/BlackOps,1
reddit.com/r/MilitaryConspiracy,1
reddit.com/r/OccultConspiracy,1
reddit.com/r/conspiracytheories,1
reddit.com/r/AlienTheory,1
reddit.com/r/ancientaliens,1
reddit.com/r/Missing411,1
reddit.com/r/EBEs,1
reddit.com/r/theunexplained,1
reddit.com/r/UnexplainedPhotos,1
reddit.com/r/AnomoliesUnleashed,1
reddit.com/r/healthconspiracies,1
reddit.com/r/alien_theory,1
reddit.com/r/AliensandUFOs,1
reddit.com/r/uap,1
reddit.com/r/Paranormal,1
reddit.com/r/333,1
reddit.com/r/NewsOfTheWeird,1
reddit.com/r/Propaganda,1
reddit.com/r/intelligence,1
reddit.com/r/ForbidenArcheology,1
reddit.com/r/isrealexposed,1
reddit.com/r/BohemianGrove,1
reddit.com/r/HighStrangeness,1
reddit.com/r/1984isreality,1
reddit.com/r/Sacred_Geometry,1
reddit.com/r/Gangstalking,1
reddit.com/r/Bigfoot,1
reddit.com/r/paradigmchange,1
reddit.com/r/ancientknowledge,1
archaeology,1
cropcircles,1
Astrobiology,1
ScientismToday,1
reddit.com/r/retconned,1
web.archive.org/web/20080713075816/reddit.com/r/conspiracy,1
web.archive.org/web/20121004011553/reddit.com/r/conspiracy,1
reddit.com/r/911Truth,1
webdev,1
reddit.com/r/finlandconspiracy,1
reddit.com/r/SwedeninDenial,1
reddit.com/r/tinder,1
Tinder,1
netflix,1
preppers,1
masstagger,1
reddit.com/r/cringeanarchy,1
reddit.com/r/meirl,1
reddit.com/r/instant_regret,1
reddit.com/r/evilbuildings,1
reddit.com/r/natureisfuckinglit,1
reddit.com/r/stoppedworking,1
reddit.com/r/thisismylifenow,1
reddit.com/r/ourpresident,1
Kossacks_for_Sanders,1
reddit.com/r/Echerdex,1
HeyKidsNursery,1
reddit.com/r/breadconspiracy,1
DeepIntoYouTube,1
reddit.com/r/AdviseMyAdvice,1
reddit.com/r/CMV,1
reddit.com/r/antipedophobia,1
OopsDidntMeanTo,1
Modssssze,1
reddit.com/r/dimensionaljumping,1
reddit.com/r/shruglyfesyndicate,1
Echerdex,1
reddit.com/r/sethrichinvestigation,1
web.archive.org/web/20170601000000*/reddit.com/r/The_Donald,1
The_NewDonald,1
np.reddit.com/r/the_donald,1
reddit.com/r/AnimalsBeingBros,1
reddit.com/r/GetMotivated,1
reddit.com/r/babyelephantgifs,1
reddit.com/r/HumansBeingBros,1
reddit.com/r/MadeMeSmile,1
reddit.com/r/eyebleach,1
reddit.com/r/profileposts,1
reddit.com/r/zen,1
New_American_System,1
reddit.com/r/lifeprotips,1
TrumpCriticizesTrump,1
reddit.com/r/fbi,1
reddit.com/r/originalchristianity,1
badjournalism,1
psychotronics,1
facepalm,1
reddit.com/r/ShowerThoughts,1
reddit.com/r/exjw,1
LibertarianPartyUSA,1
reddit.com/r/NewAmericanSystem,1
milliondollarextreme,1
TheseFuckingAccounts,1
reddit.com/r/mathematics,1
reddit.com/r/math,1
DebateVaccines,1
reddit.com/r/DebateVaccines,1
reddit.com/r/VaccinesCause,1
DebateVaccines+VaccinesCause,1
reddit.com/r/shittyconspiracy,1
reddit.com/r/AgainstHateSubreddits,1
Switzerland,1
UFOs_Notebook,1
reddit.com/r/PussyPass,1
subredditoftheday,1
reddit.com/r/syrianrebels,1
chemtrails,1
DataHoarder,1
antisemitism,1
teaching,1
reddit.com/r/ModSupport,1
Http://Www.reddit.com/r/pedogate,1
erk,1
philadelphia,1
reddit.com/r/SzechuanSauceSeekers,1
reddit.com/r/NSFW,1
reddit.com/r/ConspracyUSA,1
reddit.com/r/ConspiracyUSA,1
reddit.com/r/fuckthealtright,1
reddit.com/r/trumpism,1
reddit.com/r/PoliticalDiscorse,1
the_betrayed,1
rickandmorty,1
reddit.com/r/randpaul,1
reddit.com/r/the_randal,1
gnosticism,1
reddit.com/r/BlueMidterm2018,1
LiquidMail,1
ottawa,1
williamblake,1
reddit.com/r/DarkFuturology,1
reddit.com/r/TechWar,1
reddit.com/r/StallmanWasRight,1
reddit.com/r/EnoughFakeNewsSpam,1
reddit.com/r/MediaPropaganda,1
reddit.com/r/Stand,1
reddit.com/r/CollapseSupport,1
reddit.com/r/copwatch,1
reddit.com/r/forfeiture,1
reddit.com/r/Police_v_Video,1
reddit.com/r/FringePhysics,1
reddit.com/r/HealthConspiracy,1
reddit.com/r/KeepOurNetFree,1
reddit.com/r/CIAleaks,1
reddit.com/r/WikiLeaksOrg,1
reddit.com/r/elitedangerous,1
reddit.com/r/oddlysatisfying,1
Le_Pen,1
MedicareForAll,1
reddit.com/r/the_scumbag,1
reddit.com/r/netsec,1
FortWorth,1
tengri137,1
moosearchive2,1
reddit.com/r/ForgottenLanguages,1
AntiTrumpAlliance,1
reddit.com/r/redditdoesgovernment,1
reddit.com/r/Truthleaks,1
reddit.com/r/politicalrap,1
reddit.com/r/pol,1
reddit.com/r/PedoGate,1
askreddit,1
CorporateFacepalm,1
reddit.com/r/unsolvedmysteries,1
reddit.com/r/interestingasfuck,1
hearthstone,1
reddit.com/r/CitizenInvestigators,1
OccupyLangley,1
QuotesPorn,1
LateStageCancer,1
nextrasaga,1
web.archive.org/web/*/reddit.com/r/all,1
reddit.com/r/patriots,1
reddit.com/r/t_d2,1
reddit.com/r/nothingbutpizzagate,1
Alternativefacts,1
aws,1
reddit.com/r/aws,1
reddit.com/r/forsale,1
reddit.com/r/giftcardexchange,1
reddit.com/r/sexsells,1
reddit.com/r/pornhub,1
reddit.com/r/marieclaire,1
reddit.com/r/adultbuys,1
reddit.com/r/kiksnapsales,1
reddit.com/r/panties4sale,1
reddit.com/r/fetishselling,1
reddit.com/r/sexclusiveselling,1
reddit.com/r/usedpanties,1
reddit.com/r/fckinginfishnets,1
reddit.com/r/Missteacherxo,1
reddit.com/r/alisonsinner,1
reddit.com/r/PrincessAva,1
reddit.com/r/Veronica1993,1
reddit.com/r/wackyworldofamazon,1
reddit.com/r/frugalmalefasion,1
reddit.com/r/amazonwtf,1
BannedFromThe_Donald,1
ShitThe_DonaldSays,1
reddit.com/r/genealogy,1
askgaybros,1
reddit.com/r/trumpspiracy,1
reddit.com/r/the_pizza,1
reddit.com/r/the_d_fake_news,1
amazon,1
reddit.com/r/kings,1
deport,1
reddit.com/r/roblox,1
PoliticalVideos,1
orovilledam,1
japan,1
reddit.com/r/Japan,1
LetsNotMeet,1
ARG,1
photoshopbattles,1
reddit.com/r/fitness,1
reddit.com/r/World_Events,1
ConsciousFuturist,1
reddit.com/r/HarbinHotSprings,1
reddit.com/r/pedoinvestigators,1
Tesla,1
BlueMidterm2018,1
Catholicism,1
LadyGaga,1
behindthegifs,1
reddit.com/r/lgbt,1
FBI2,1
reddit.com/r/milf,1
CBD,1
web.archive.org/web/20100218113943/reddit.com/r/conspiracy,1
InvestigativeHistory,1
reddit.com/r/AntiEstablishment,1
WatchRedditDie,1
the_frauke,1
commonfilth,1
CommunismAnarchy,1
reddit.com/r/AMA,1
reddit.com/r/CIWO,1
DCcomics,1
reddit.com/r/firefly,1
reddit.com/r/Futurama,1
reddit.com/r/oldschoolcool,1
reddit.com/r/SethRich,1
reddit.com/r/The_Dennis,1
reddit.com/r/spirituality,1
reddit.com/r/the_Donald2,1
PizzaGateMemes,1
Louisville,1
AskPhysics,1
reddit.com/r/uncensoredconspiracy,1
reddit.com/r/askwomen,1
reddit.com/r/ConspiracyAlt,1
reddit.com/r/politicalrevolution,1
reddit.com/r/sanderforpresident,1
reddit.com/r/conspiracyalt,1
RiseAgainstTheGlobe,1
reddit.com/r/HollowEarthTruth,1
reddit.com/r/pizzagate2,1
TumblrInAction,1
reddit.com/r/aliens,1
reddit.com/r/machinelearning,1
100yearsago,1
RedLetterMedia,1
np.reddit.com/r/isrconspiracyracist,1
sadsatan,1
FringeTheory,1
reddit.com/r/OOTL,1
reddit.com/r/lectures,1
9000sins,1
reddit.com/r/t_D,1
NEWSALTERNATIVE,1
CometPingPong,1
reddit.com/r/the_redacted,1
guccifer,1
reddit.com/r/legaladvice,1
webofslime,1
reddit.com/r/gonewild,1
reddit.com/r/legostarwars,1
reddit.com/r/southpark,1
southpark,1
Maine,1
EnoughFakeNewsSpam,1
operation_berenstain,1
reddit.com/r/FalseFlag,1
reddit.com/r/nibiru,1
reddit.com/r/FuckLego,1
ShitPedophilesSay,1
reddit.com/r/ShitPedophobesSay,1
truesexwithdogs,1
pyronecropedophilia,1
reddit.com/r/pedos101,1
reddit.com/r/hebephilia,1
GnuPG,1
Terraria,1
facebook,1
reddit.com/r/WhereIsAssange,1
reddit.com/r/Kelloggs,1
reddit.com/r/ihateconspiracyclub,1
jokes,1
webcache.googleusercontent.com/search?q=cache:reddit.com/r/cannibals,1
reddit.com/r/pedo101,1
reddit.com/r/pedochat,1
pedtalk,1
pedohelp,1
pedophilia,1
software,1
reddit.com/r/pg,1
reddit.com/r/username,1
CivilianInvestigators,1
reddit.com/r/civilianinvestigators,1
civilianinvestigator,1
reddit.com/r/cicada,1
reddit.com/r/political,1
deepweb,1
PedoHatersAnonymous,1
NewWorldPolitics,1
androidapps,1
security,1
SpezForPrison,1
reddit.com/r/Pedochat,1
StanleyKubrick,1
reddit.com/r/CivilianInvestigators,1
reddit.com/r/SliceOfJustice,1
retroshare,1
reddit.com/r/pedophilia_cover_up,1
politicalfactchecking,1
reddit.com/r/subliminal,1
caseyneistat,1
ClintonCrime,1
reddit.com/r/beyblade,1
reddit.com/r/indoninja,1
reddit.com/r/investigates,1
SanJose,1
Steganography,1
reddit.com/r/electronics,1
reddit.com/r/college,1
reddit.com/r/Wellthatsucks,1
relationships,1
WikileaksSpeculation,1
reddit.com/r/ThanksObama,1
np.reddit.com/r/frugalmalefashion,1
np.reddit.com/r/amazondeals,1
reddit.com/r/ToBoddah,1
Operation_Berenstain,1
reddit.com/r/Strawpeoplehate,1
reddit.com/r/Tulsiforpresident2020,1
reddit.com/r/TheMAGAneers,1
FutureWhatIf,1
reddit.com/r/wallstreetbets,1
ThePedoFile,1
reddit.com/r/HilliaryForPrison,1
reddit.com/r/HilliaryClinton,1
reddit.com/r/SatanGate,1
reddit.com/r/wayofthebern,1
reddit.com/r/dncleaks,1
unfilter,1
GaryJohnson,1
reddit.com/r/Paperballots,1
oddlysatisfying,1
DataBreaches,1
reddit.com/r/darknetmarkets,1
malta,1
np.reddit.com/r/the_donald_2,1
np.reddit.com/r/whyvotefordonaldtrump,1
np.reddit.com/r/whyvoteforhillary,1
cryptography,1
TrinityTruth,1
reddit.com/r/The_fucking_Donald,1
reddit.com/r/iHatetheClintons,1
reddit.com/r/nodapl,1
reddit.com/r/dicksoutforjulian,1
WikiLeaksOrg,1
shittyreactiongifs,1
reddit.com/r/Enough____spam,1
reddit.com/r/EnoughSandersSpam,1
reddit.com/r/EnoughHillHate,1
reddit.com/r/AssuredlyAThrowAway,1
reddit.com/r/RealWikiLeaks,1
reddit.com/r/WikiLeaks2,1
reddit.com/r/WikiLeaksAlt,1
reddit.com/r/wikileaks_org,1
evilbuildings,1
FirstLook,1
ScienceUncensored,1
askdoctors,1
BlameTheRussians,1
JusticeServed,1
spirituality,1
wikileakssummary,1
reddit.com/r/Outside_The_Cave,1
DNCDeathToll,1
reddit.com/r/ANTIHILLARY,1
reddit.com/r/unapproved_unknown,1
Monero,1
tragedyandhope,1
FemmeThoughts,1
ClintonInvestigation,1
reddit.com/r/phantomofthekill,1
reddit.com/r/serialkillers,1
np.reddit.com/r/jadehelm,1
reddit.com/r/SubredditSimulator,1
linguistics,1
scientology,1
lastweektonight,1
reddit.com/r/unpopularopinion,1
reddit.com/r/exposingevil,1
reddit.com/r/NewsOnReddit,1
Minecraft,1
reddit.com/r/EnoughTwoPartySpam,1
mealtimevideos,1
Charlotte,1
reddit.com/r/alternativepolitics,1
reddit.com/r/the,1
reddit.com/r/badselfeater,1
reddit.com/r/RedditCensorship,1
debunking,1
web.archive.org/save/_embed/reddit.com/r/conspiracy,1
np.reddit.com/r/politics,1
reddit.com/r/personalfinance,1
enoughclintonshilling,1
reddit.com/r/Mandelaeffect,1
reddit.com/r/suckers,1
medicalschool,1
privacytoolsIO,1
reddit.com/r/kratom,1
Beeconspiracy,1
reddit.com/r/QuestionNothing,1
AskEconomics,1
reddit.com/r/newaccountsinpolitics,1
LiberalViolence,1
reddit.com/r/youtube,1
NoShitSherlock,1
FreePolDiscussion,1
reddit.com/r/diseasedelite,1
reddit.com/r/cosmicdisclosure,1
oregontrailparty,1
reddit.com/r/LegalAdvice,1
apocalympics2016,1
reddit.com/r/jill_stein,1
TheSphinxClub,1
reddit.com/r/archaeology,1
norfolk,1
reddit.com/r/strongertogether,1
seedstock,1
reddit.com/r/ShittyNews,1
reddit.com/r/askpolitics,1
Turkey,1
comicbooks,1
CriticalTheory,1
pokemongo,1
QuaboCracker,1
reddit.com/r/jfkresearcher,1
reddit.com/r/enoughpaul,1
SuspectedShills,1
reddit.com/r/solotravel,1
solotravel,1
reddit.com/r/plants,1
reddit.com/r/lacroat,1
reddit.com/r/Glitch_In_The_Matrix,1
clevelandcavs,1
topmindsofreddit,1
reddit.com/r/India,1
reddit.com/r/Im14andthisiscritical,1
jobs,1
reddit.com/r/Anticonsumption,1
reddit.com/r/EndTheFed,1
reddit.com/r/TopMindsofreddit,1
reddit.com/r/HumanoidConspiracy,1
reddit.com/r/donald,1
BasiagoforPresident,1
psychonaut,1
highdeas,1
reddit.com/r/TheTranslucentSociety,1
reddit.com/r/sports,1
reddit.com/r/ama,1
LinuxActionShow,1
reddit.com/r/massachusetts,1
reddit.com/r/NotFitToPrint,1
The_DonaldUnleashed,1
reddit.com/r/americanconspiracy,1
reddit.com/r/electionfraud,1
reddit.com/r/Pokemon,1
hinduism,1
reddit.com/r/topmindsoreddit,1
reddit.com/r/DiagnoseThem,1
reddit.com/r/subedditdrama,1
reddit.com/r/hilaryforprison,1
AnybodyButHillary,1
reddit.com/r/asoaif,1
asoiaf,1
accountt1234,1
infowarsdotcom,1
CIAwatch,1
reddit.com/r/AskTrumpSupporters,1
reddit.com/r/BernieSandersSucks,1
reddit.com/r/DickCheney,1
reddit.com/r/columbineresearch,1
reddit.com/r/Conspiracyfact,1
reddit.com/r/Highstrangeness,1
reddit.com/r/Ufos,1
reddit.com/r/Documentedtruth,1
reddit.com/r/Cropcircles,1
reddit.com/r/Forbiddenarcheology,1
reddit.com/r/Falseflagwatch,1
reddit.com/r/btc,1
reddit.com/r/ethereum,1
reddit.com/r/talesfromretail,1
reddit.com/r/veterans,1
reddit.com/r/targetedindividuals,1
Veterans,1
reddit.com/r/NewJereyFreakshow,1
reddit.com/r/againsthatesubreddits,1
reddit.com/r/tinfoilhat,1
reddit.com/r/phoneaddiction,1
phoneaddiction,1
reddit.com/r/topmindsofeddit,1
health24,1
ALS,1
DirtyElectricity,1
reddit.com/r/advice,1
reddit.com/r/LosAngeles,1
reddit.com/r/Losangeles,1
MachineLearning,1
reddit.com/r/panamapapers,1
reddit.com/robin/join,1
reddit.com/r/conspiract,1
reddit.com/r/DestroyZion,1
FuckBestBuy,1
reddit.com/r/GoodEconomics,1
ChronicPain,1
reddit.com/r/puns,1
reddit.com/r/Jokes,1
reddit.com/r/Brasil,1
TrendingReddits,1
reddit.com/r/conspiracy+collapse+lostgeneration+C_S_T+sorceryofthespectacle+politic,1
theculling,1
RESissues,1
reddit.com/r/changelog,1
reddit.com/r/The_Doland,1
reddit.com/r/SfP,1
reddit.com/r/The,1
reddit.com/r/BfP,1
reddit.com/r/fkjhsdkjcnhasdchk,1
fkjhsdkjcnhasdchk,1
lawquotes,1
reddit.com/r/askphysics,1
BernieSandersVP,1
reddit.com/r/SayNoToPot,1
reddit.com/r/The_Trump,1
reddit.com/r/NotTrending,1
reddit.com/r/prochoice,1
reddit.com/r/Topmindsofreddit,1
reddit.com/r/dota2,1
SubredditSimMeta,1
reddit.com/r/CosmicDisclosure,1
PublicFreakout,1
electionreform,1
Smartphones,1
reddit.com/r/watchthemods,1
AntiSJWEuropean,1
OldSchoolCool,1
reddit.com/r/wordpress,1
reddit.com/r/entreprenuer,1
Staples,1
me_irl,1
reddit.com/r/mapporn,1
MapPorn,1
ConvinceMeThat,1
reddit.com/r/Fresno,1
fresno,1
reddit.com/r/Earthporn,1
reddit.com/r/darkfuturology,1
DarkEnlightenment,1
communism,1
badphilosophy,1
reddit.com/r/americanhistory,1
reddit.com/r/shadeballs,1
reddit.com/r/israel+telaviv+jerusalem+jewbait+conspiratard+israelsubredditwatch+Judaism+IDF+IsraelDefenseForces+SyrianCivilWar+911truth+conspiracy+conspiracyhub+impoliteconversation,1
reddit.com/r/americanhorrorstory,1
kurdistan,1
reddit.com/r/American_History,1
reddit.com/r/JFK,1
reddit.com/r/fived,1
Anger,1
Palestina,1
joerogan,1
AquaJail,1
reddit.com/r/geocentrism,1
reddit.com/r/germansherperds,1
Feminism,1
uncensored_reddit,1
reddit.com/r/newsworldwide,1
reddit.com/r/Europe,1
reddit.com/r/TwoXChromosones,1
NewsoftheNRA,1
reddit.com/r/getoutofbed,1
reddit.com/r/insomnia,1
reddit.com/r/MakingaMurderer,1
CryptoUBI,1
reddit.com/r/JudyWood,1
reddit.com/r/writingprompt,1
southcarolina,1
StallmanWasRight,1
reddit.com/r/webelieveeverything,1
studentloandefaulters,1
rant,1
AntiSemitismWatch,1
web.archive.org/web/20151215005920/reddit.com/r/conspiracy,1
SandyHookHoax,1
reddit.com/r/Chemtrail,1
reddit.com/r/energyweapons,1
reddit.com/r/frequencyweapons,1
reddit.com/r/ultrasoundweapons,1
reddit.com/r/implants,1
reddit.com/r/hackerdrama,1
reddit.com/r/foilhatshit,1
reddit.com/r/undeleteWorldNews,1
datasets,1
finance,1
Socialist,1
climate,1
radicalmentalhealth,1
freebies,1
WesternTerrorism,1
reddit.com/r/rant,1
cultofsaturn,1
reddit.com/r/all_videos,1
reddit.com/r/AskEurope,1
europe+european+removalbot+europemeta+europecensorship+euromigration,1
reddit.com/r/AnythingGoesNews,1
InternetPR,1
reddit.com/r/FanTheories,1
reddit.com/r/breastfeeding,1
reddit.com/r/RiotPorn,1
DebateConspiracy,1
reddit.com/r/poltics,1
Militaries,1
reddit.com/r/Russia,1
reddit.com/r/toronto,1
Www.reddit.com/r/freemasonry,1
reddit.com/r/conspiracywhatif,1
reddit.com/r/entertainment,1
Fitness,1
criticalactivism,1
peacefulrevolution,1
reddit.com/r/masseffect,1
Agario,1
reddit.com/r/ADHS,1
reddit.com/r/modhelp,1
reddit.com/r/Izawwlgood,1
reddit.com/r/gangs,1
reddit.com/r/MMORPG,1
INWOConspiracy,1
reddit.com/r/SuicideWatch,1
reddit.com/r/everythingscience,1
BabyBumps,1
reddit.com/r/askUk,1
reddit.com/r/jailbreak,1
SocialControl,1
reddit.com/r/imgoingtohellforthis,1
reddit.com/r/socialcontrol,1
onions,1
reddit.com/r/worldsnews,1
reddit.com/r/LiberalJews,1
AsianMasculinity,1
CannabisFirstHand,1
cancer,1
reddit.com/r/wecollective,1
goodlongposts,1
AskNetsec,1
encryption,1
DestinyTheGame,1
teenagers,1
reddit.com/r/frontpage,1
reddit.com/r/ae911truth,1
TrueChristian,1
comedy,1
reddit.com/r/Mackland,1
orangecounty,1
ObscureMedia,1
Comcast,1
reddit.com/r/BlackOPs,1
reddit.com/r/conspirnow,1
reddit.com/r/USAExposed,1
reddit.com/r/AskEngineers,1
ashleymadisonhack,1
reddit.com/r/Nestlehatle,1
reddit.com/r/conspircy,1
reddit.com/r/InternetPR,1
User_Name13,1
reddit.com/r/naturallaw,1
Honda,1
reddit.com/r/badbios,1
reddit.com/r/Sep2015Event,1
imbeingcensored,1
reddit.com/r/mandellaeffect,1
subredditdrama,1
reddit.com/r/blacklivesmatter,1
BuyItForLife,1
Windows10,1
AntiPOZi,1
np.reddit.com/r/internetPR,1
SRDBroke,1
reddit.com/r/SRDBroke,1
reddit.com/r/conspiacy,1
conspiracyworldnews,1
NASALIES,1
reddit.com/r/emdrive,1
reddit.com/r/political_music,1
reddit.com/r/ComplaintsAboutTheUSA,1
CoonTown+Null,1
FuckCoonTown,1
reddit.com/r/girlsdoporn,1
Riot_porn,1
reddit.com/r/Warlizard,1
reddit.com/r/justshillthings,1
reddit.com/r/exxonmobil,1
reddit.com/r/kelloggs,1
qcic,1
reddit.com/r/cats,1
reddit.com/r/Blackout2015,1
artstore,1
lifehacks,1
jerktalkdiamond,1
HelenCaldicott,1
reddit.com/r/governmentoppression,1
circlebroke2,1
conspiracywallpaper,1
shitpost,1
Gore,1
UKIP,1
VictoriasArmy,1
reddit.com/r/watchingpeopledie,1
reddit.com/r/justsaynope,1
reddit.com/r/blackout2015,1
PaoYongYang,1
secretsanta,1
reddit.com/r/book,1
reddit.com/r/LifeProTips,1
reddit.com/r/Gadgets,1
reddit.com/r/starcitizen,1
reddit.com/r/shubreddit,1
reddit.com/r/Spain,1
reddit.com/r/SplitDepthGIFS,1
reddit.com/r/Books,1
reddit.com/r/creepygaming,1
creepygaming,1
reddit.com/r/austincipher,1
reddit.com/r/gendercynical,1
pcmasterrace,1
EarthPorn,1
imgoingtohellforthis,1
reddit.com/r/unresolvedmysteries,1
BestOfReports,1
PalestineIntifada,1
museumdiscuss,1
reddit.com/r/republican,1
reddit.com/r/SRSgaming,1
reddit.com/r/internetisbeautiful,1
reddit.com/r/oculusnsfw,1
emfeffects,1
reddit.com/r/undeleteshadow,1
reddit.com/r/gasthesnoo,1
reddit.com/r/fuckellenpao,1
Dallas,1
SexyAbortions,1
reddit.com/r/conpsiracy,1
reddit.com/r/makeupaddiction,1
reddit.com/r/progresspics,1
reddit.com/r/unexpected,1
reddit.com/r/fitshionvsfatshion,1
reddit.com/r/fatpersonhate3,1
reddit.com/r/fatpersonhate4,1
reddit.com/r/fatpersonhate5,1
reddit.com/r/fatpersonhate6,1
reddit.com/r/TheDigitalParty,1
FaithInHumanity,1
reddit.com/r/fatpeoplehate7,1
reddit.com/r/shitlords_unite,1
shitlords_unite,1
thinpeoplehate,1
web.archive.org/web/20150611035215/reddit.com/r/all,1
reddit.com/r/obeastappreciation,1
fatpeoplehate442,1
reddit.com/r/fatpeoplehate5,1
ObesePeopleDislike,1
reddit.com/r/obesepeopledislike,1
reddit.com/r/FPH99,1
fattypeople,1
reddit.com/r/fatpeoplehate2,1
fatpersonhate,1
reddit.com/r/neofag,1
np.reddit.com/r/SandyHookHoax,1
reddit.com/r/basicincome,1
FairShare,1
reddit.com/r/HIVAIDS,1
Trucking,1
reddit.com/r/gasthekikes,1
reddit.com/r/GasTheKikes,1
GasTheKikes,1
yellowperil,1
NationalSocialism,1
reddit.com/r/CryptoAnarchy,1
reddit.com/r/go1dfish,1
reddit.com/r/HistoryPorn,1
reddit.com/r/Green,1
reddit.com/r/Liberal,1
reddit.com/r/labor,1
reddit.com/r/neoprogs,1
ShadowBan,1
italy,1
reddit.com/r/Greenlight,1
reddit.com/r/IntrestingasFuck,1
reddit.com/r/requestabot,1
reddit.com/r/modlog,1
reddit.com/r/fearmongering,1
EternityClub,1
reddit.com/r/todaygoylearned,1
reddit.com/r/moonhoax,1
reddit.com/r/anarcho_capitalism,1
depression,1
reddit.com/r/TokyoTrials,1
reddit.com/r/tretki,1
reddit.com/r/reportin,1
reddit.com/r/Hailcorporate,1
blackladies,1
reddit.com/r/marxism,1
reddit.com/r/communism,1
reddit.com/r/socialjustice,1
reddit.com/r/SRSFeminism,1
reddit.com/r/SRSFempire,1
reddit.com/r/atheismplus,1
np.reddit.com/r/aliens,1
Op_JH,1
reddit.com/r/altnews,1
baseball,1
reddit.com/r/r4r,1
reddit.com/r/live,1
CHEMPRINTS,1
reddit.com/r/xboxone,1
AskModerators,1
baltimore,1
AntiTax,1
newzealand,1
CorbettReport,1
reddit.com/r/okcbombingconspiracy,1
reddit.com/r/JusticePorn,1
reddit.com/r/wordnews,1
protectandserve,1
reddit.com/r/phisnomcyphers,1
notaconspiracy,1
neuronaut,1
HIVchamp,1
3507000,1
GetMotivated,1
reddit.com/r/DontBelieveMe,1
reddit.com/r/AntiTax,1
TrollXChromosomes,1
ubuntucontributionism,1
reddit.com/r/Ayahuasca,1
reddit.com/r/pychology,1
SocialistRA,1
ULTRACULTURE,1
reddit.com/r/Guantanamo,1
reddit.com/r/CoonTown,1
reddit.com/r/Drama,1
reddit.com/r/Undelete,1
reddit.com/r/ShadowBanned,1
reddit.com/r/Fuck_All_Mods,1
reddit.com/r/Bitcoin,1
techsupportgore,1
mac,1
SkincareAddiction,1
reddit.com/r/needamod,1
reddit.com/r/futureology,1
reddit.com/r/DarkNetMarkets,1
reddit.com/r/LOVEWINS,1
reddit.com/r/rothschild,1
copypasta,1
TILunfiltered,1
DownwithCivilization,1
reddit.com/r/android,1
KiAChatroom,1
daddit,1
FreeEBOOKS,1
DebunkThis,1
reddit.com/r/LinkerElite,1
8chan,1
reddit.com/r/childspyagency,1
reddit.com/r/askhistorians,1
reddit.com/r/CasualTodayILearned,1
Https://www.reddit.com/r/pelicansarereal,1
reddit.com/r/DigitalCartel,1
reddit.com/r/ultraculture,1
lewronggeneration,1
reddit.com/r/reportthespammers,1
np.reddit.com/r/depthhub,1
CanadianForces,1
reddit.com/r/RedditTakeAction,1
reddit.com/r/Glitch_in_the_Matrix,1
reddit.com/r/gadgets,1
reddit.com/r/redditdonate,1
redditdonate,1
reddit.com/r/clipshow,1
reddit.com/r/subreddit,1
rpg,1
reddit.com/r/FakeFinland,1
BizarreConspiracy,1
ZionismExposed,1
sjwhate,1
reddit.com/r/againstmensrights,1
reddit.com/r/GamerGhazi,1
reddit.com/r/gaypoc,1
reddit.com/r/Blerds,1
reddit.com/r/MRMorWhiteRights,1
reddit.com/r/BubblyboobleTown,1
reddit.com/r/BUGhunt,1
reddit.com/r/IrbysLaw,1
reddit.com/r/FRDbroke,1
reddit.com/r/redpillfeminism,1
reddit.com/r/OMCmailbag,1
reddit.com/r/metareddit,1
metaredditcancer,1
reddit.com/r/creepyPMs,1
reddit.com/r/TIFU,1
reddit.com/r/explainlikeimfive,1
reddit.com/r/ainbow,1
tumblr,1
Norway,1
TechWar,1
HelpMeFind,1
reddit.com/r/slc,1
DarkFuturology,1
reddit.com/r/sciencefiction,1
sciencefiction,1
reddit.com/r/todayIlearned,1
reddit.com/r/Futurology,1
MHOC,1
reddit.com/r/Debate_Conspiracy,1
humor,1
AustralianPolitics,1
GunsAreCool,1
Whatisthis,1
Damnthatsinteresting,1
forhire,1
reddit.com/r/ebay,1
Ebay,1
modclub,1
france,1
news+worldnews+technology+science+uncensored+bitcoin+space+conservative+liberal+conspiracy+progressive+futurology+investing+bitcoin+spacex+politic+moderationlog+politics+undelete+uncensored+tech+occupywallstreet,1
reddit.com/r/kotakuinaction,1
whywasmypostdeleted,1
SolvingD2B,1
reddit.com/r/greatapes,1
reddit.com/r/ZOG,1
reddit.com/r/thefederalreserve,1
reddit.com/r/sonyleak,1
reddit.com/r/2ndcivilrights,1
TheNAU,1
reddit.com/r/Youtube,1
reddit.com/r/mylittlepony,1
np.reddit.com/r/theoryofpropaganda,1
reddit.com/r/publicdebate,1
reddit.com/r/Conservative,1
reddit.com/r/beatles,1
PurplePillDebate,1
vancouver,1
reddit.com/r/undeleteNSFW,1
reddit.com/r/magnora2,1
reddit.com/r/unclesamuel,1
redditlies,1
AgroIndustrialComplex,1
AndroidQuestions,1
perktv,1
Backup,1
reddit.com/r/IAma,1
freetalklive,1
isrworldnewsbiased,1
reddit.com/r/isrworldnewsbiased,1
reddit.com/r/ebola,1
reddit.com/r/EbolaHoax,1
brisbane,1
reddit.com/r/Australia,1
reddit.com/r/NSA,1
reddit.com/r/ebolagooglers,1
reddit.com/r/Dallas,1
reddit.com/r/texas,1
sandyhoax,1
reddit.com/r/musicaldissent,1
reddit.com/r/iraq,1
reddit.com/r/askhistory,1
Thetruthishere,1
reddit.com/r/treadmill,1
ahmadiyya,1
reddit.com/r/OCpoetry,1
reddit.com/r/thevortex,1
reddit.com/r/unexplainedmysteries,1
reddit.com/r/thefappening,1
reddit.com/r/nyc,1
RedPillPolitics,1
totalwar,1
Currentconspiracy,1
reddit.com/r/bad_cop_no_donut,1
private_panopticon,1
reddit.com/r/MURICA,1
reddit.com/r/fishing,1
reddit.com/r/amiright,1
reddit.com/r/Celebs,1
reddit.com/r/UKpolitics,1
reddit.com/r/UnitedKingdom,1
reddit.com/r/historyporn,1
h1z1,1
Ask_Politics,1
ferguson,1
ZoeQuinnConspiracy,1
Cynicalbrit,1
reddit.com/r/Im18andIknoweverything,1
reddit.com/r/opiates,1
spaceflight,1
AIIDF,1
np.reddit.com/r/MiddleEastNews,1
Cleveland,1
reddit.com/r/webbotclifhigh,1
UnbiasedWorldNews,1
Polistan,1
SRSsucks,1
CryptoTown,1
spacextalk,1
bitcoin,1
pittsburgh,1
thenetherlands,1
reddit.com/r/memes,1
reddit.com/r/equestrian,1
Marijuana,1
thenews,1
remove,1
writing,1
reddit.com/r/Conspiracy_UK,1
OperationBankrun,1
AltCancer,1
britishproblems,1
reddit.com/r/NSAleaks,1
reddit.com/r/spaceflight,1
reddit.com/r/spacelaunchsystem,1
reddit.com/r/ula,1
JudeaIsEurope,1
news+worldnews+technology+science+uncensored+bitcoin+space+conservative+liberal+conspiracy+progressive+futurology+funny+investing+bitcoin+spacex+politic+moderationlog+politics+undelete+uncensored+uncensor+occupywallstreet,1
chiliadtruth,1
reddit.com/r/secrecy,1
reddit.com/r/Redditltion,1
reddit.com/r/BirdPics,1
reddit.com/r/TumblrInAction,1
reddit.com/r/conflictnews,1
reddit.com/r/nomoretwoparty,1
Awake_from_the_Matrix,1
MelGibsonFans,1
reddit.com/r/techonology,1
montageparodies,1
Bilderberg,1
reddit.com/r/conspiracyactivism,1
reddit.com/r/conspritard,1
reddit.com/r/RestoretheFourth,1
reddit.com/r/controversy,1
reddit.com/r/BasicIncome,1
soylent,1
omegle,1
Ingress,1
SubredditAnalysis,1
reddit.com/r/nationalsocialism,1
reddit.com/r/malware,1
reddit.com/r/progressiveparrot,1
The_Jews_Did_This,1
reddit.com/r/noparticipation,1
reddit.com/r/YourSubredditName,1
loudspeakers,1
reddit.com/r/nsfw,1
reddit.com/r/technologymeta,1
dredmorbius,1
reddit.com/r/DepthHub,1
reddit.com/r/ConspiracyCrossfire,1
beatles,1
reddit.com/r/actuallythere,1
reddit.com/r/TimeToAct,1
reddit.com/r/A858DE45F56D9BC9,1
reddit.com/r/northkoreanews,1
reddit.com/r/FixReddit,1
reddit.com/r/redditcensorship,1
reddit.com/r/ThePopcornStand,1
reddit.com/r/PoliticalModeration,1
reddit.com/r/Collapse,1
Missing411,1
reddit.com/r/elderscrolls,1
needamod,1
LibertyMusic,1
reddit.com/r/tard,1
reddit.com/r/teslamotors,1
Browns,1
4chanpol,1
reddit.com/r/actualworldnews,1
reddit.com/r/MidEastRegionalWar,1
reddit.com/r/TurkishCrisis,1
reddit.com/r/ConflictNews,1
reddit.com/r/GazaConflict,1
reddit.com/r/ugandaconflict,1
reddit.com/r/subredditoftheday,1
reddit.com/r/AsianPowerPolitics,1
reddit.com/r/Jews,1
reddit.com/r/JewGirls,1
reddit.com/r/JustShillThings,1
reddit.com/r/ShitTRPSays,1
reddit.com/r/ShitObamaSays,1
reddit.com/r/ShitBidenSays,1
reddit.com/r/ShitRepublicansSay,1
reddit.com/r/ShitDemocratsSay,1
reddit.com/r/ShitPalinSays,1
reddit.com/r/ShitBoehnerSays,1
reddit.com/r/ShitRyanSays,1
reddit.com/r/ShitBachmannSays,1
reddit.com/r/ZionistScum,1
reddit.com/r/AltExchange,1
reddit.com/r/AntiNoParticipation,1
reddit.com/r/Libertarian,1
reddit.com/r/watchingyou,1
reddit.com/r/ufo,1
countermine,1
Radpill,1
reddit.com/r/RedditAlternatives,1
ProtestFootage,1
sandyhookjustice,1
oculus,1
BadModNoUpvote,1
reddit.com/r/gamingtard,1
chiliadmystery,1
mastercardpriceless,1
reddit.com/r/friends,1
reddit.com/r/Sheepeople,1
skeptard,1
reddit.com/r/SandyHookJusticev2,1
Assistance,1
reddit.com/r/aviation,1
washingtondc,1
reddit.com/r/PerfectTiming,1
SelfDrivingCars,1
reddit.com/r/inthemorning,1
reddit.com/r/MoldovanCrisis,1
conspiracy_no_meta,1
reddit.com/r/conspiracy_meta,1
opieandanthony,1
rva,1
PerfectTiming,1
reddit.com/r/matad_crucible,1
reddit.com/r/TipOfMyTongue,1
Conspiracyshills,1
reddit.com/r/gestapo,1
reddit.com/r/truerestorethe4th,1
xboxone,1
reddit.com/r/doctorswithoutborders,1
OutOfTheMetaLoop,1
reddit.com/r/CryptoMarkets,1
CryptoMarkets,1
ThePeoplesWorldNews,1
badeconomics,1
Skytraffic,1
reddit.com/r/acting,1
reddit.com/r/ProtestFootage,1
TheBestOfAmazon,1
celebrities,1
timetolegalize,1
ComicConspiracy,1
theleaguefx,1
AmIFreeToGo,1
reddit.com/r/im14andthisisfunny,1
Thailand,1
letsownthenwo,1
Games,1
reddit.com/r/Freemasonry,1
dogecoin,1
inthemorning,1
farright,1
madisonwi,1
reddit.com/r/terrorism,1
reddit.com/r/TheRedPill,1
anonymous123421,1
reddit.com/r/ivorycoast,1
reddit.com/r/oman,1
reddit.com/r/libya,1
reddit.com/r/bangladesh,1
reddit.com/r/gender,1
reddit.com/r/IDF,1
reddit.com/r/mossad,1
reddit.com/r/Palestine,1
reddit.com/r/middleeastnews,1
reddit.com/r/jewishstudies,1
reddit.com/r/hamas,1
discourse,1
UkrainianUprising,1
ukraine,1
reddit.com/r/VaccineMyths,1
WestVirginia,1
reddit.com/r/globalresearch,1
reddit.com/r/SocialEngineering,1
reddit.com/r/Nosleep,1
reddit.com/r/astronomy,1
ConsciousMusic,1
stalkerwatch,1
reddit.com/r/Fukushima,1
reddit.com/r/asksolidwhetstone,1
conspirators,1
RebootOurPlanet,1
reddit.com/r/conspiriTARD,1
reddit.com/r/AskScienceDiscussion,1
reddit.com/r/asksciencediscussion,1
thewalkingdead,1
reddit.com/r/Ask,1
reddit.com/r/cleanreddit,1
reddit.com/r/advancedtechresearch,1
reddit.com/r/progressive,1
reddit.com/r/subreddits,1
reddit.com/r/australia,1
reddit.com/r/london,1
reddit.com/r/Arabs,1
reddit.com/r/cicada3302,1
reddit.com/r/askflytape,1
reddit.com/r/Rad_Decentralization,1
reddit.com/r/drugs,1
reddit.com/r/conciousmusic,1
reddit.com/r/explainlikeiamfive,1
reddit.com/r/mildlyinteresting,1
reddit.com/r/AmberLyon,1
Politics,1
reddit.com/r/TrueConspiracy,1
BostonUFO,1
reddit.com/r/zionistscum,1
web.archive.org/web/20080301000000*/reddit.com/r/conspiracy,1
Politics20,1
reddit.com/r/MillionMaskMarch,1
nova,1
Brooklyn,1
see,1
geophysics,1
reddit.com/r/conspiracytheory,1
reddit.com/r/policebrutality,1
reddit.com/r/blahblah,1
reddit.com/r/tipofmytongue,1
reddit.com/r/nextmonthsheadlines,1
Stand,1
reddit.com/r/firstworldanarchists,1
reddit.com/r/AmIJustParanoid,1
killyourcellphone,1
reddit.com/r/SilkRoad,1
ffxiv,1
Assert_Your_Rights,1
TheDays,1
reddit.com/r/Karmaconspiracy,1
reddit.com/r/karmacourt,1
chemistry,1
GMOinfo,1
homestead,1
picrequests,1
badgovnofreedom,1
reddit.com/r/pokemonconspiracies,1
syriantestsyrian,1
reddit.com/r/newshealth,1
reddit.com/r/healthnews,1
newshealth,1
reddit.com/r/antigmo,1
startups,1
reddit.com/r/heavymind,1
reddit.com/r/darknet,1
reddit.com/r/dorknet,1
reddit.comHttp://www.reddit.com/r/darknetplan,1
reddit.comHttp://www.reddit.com/r/dorknet,1
conspiracybestof,1
reddit.com/r/ConspiracyProjects,1
ConspiracyProjects,1
AskSocialScience,1
reddit.com/r/chromecast,1
metanarchism,1
MillionDollarConcept,1
army,1
geek,1
reddit.com/r/asktheadmins,1
reddit.com/r/philsophy,1
reddit.com/r/theshamans,1
reddit.com/r/Zombies,1
reddit.com/r/Conspriacy,1
reddit.com/r/earthporn,1
reddit.com/r/conspiracyhumour,1
reddit.com/r/FlushTheLies,1
reddit.com/r/aspartame,1
web.archive.org/web/20081103124821/reddit.com/r/conspiracy,1
web.archive.org/web/20081206144418/reddit.com/r/conspiracy,1
web.archive.org/web/20100208234134/reddit.com/r/conspiracy,1
web.archive.org/web/20110508005234/reddit.com/r/Conspiracy,1
web.archive.org/web/20120918045230/reddit.com/r/Conspiracy,1
web.archive.org/web/20121128143845/reddit.com/r/Conspiracy,1
web.archive.org/web/20121213005921/reddit.com/r/Conspiracy,1
web.archive.org/web/20130212162432/reddit.com/r/Conspiracy,1
web.archive.org/web/20130326083859/reddit.com/r/Conspiracy,1
web.archive.org/web/20130410002337/reddit.com/r/Conspiracy,1
web.archive.org/web/20130415235745/reddit.com/r/conspiracy,1
web.archive.org/web/20130416001717/reddit.com/r/conspiracy,1
web.archive.org/web/20130709232254/reddit.com/r/conspiracy,1
reddit.com/r/nsa,1
1984isreality,1
Egypt,1
reddit.com/r/Supplements,1
reddit.com/r/BuildAPC,1
reddit.com/r/yrugay,1
reddit.com/r/Infowars,1
reddit.com/r/joerogan,1
defaultgems,1
weather,1
RadUSA,1
reddit.com/r/ConspiracyTreatise,1
reddit.com/r/WilCoCorruption,1
reddit.com/r/MagicSkyFairy,1
reddit.com/r/CircleBroke2,1
reddit.com/r/SRSSucks,1
Teachers,1
revolution,1
sandiego,1
reddit.com/r/rightcommunism,1
reddit.com/r/hitlerostalinism,1
NewsOfTheStupid,1
reddit.com/r/Technology,1
NeutralPolitics,1
RestoreSectionEight,1
reddit.com/r/truegaming,1
truegaming,1
reddit.com/r/talkingpointstalk,1
blackinamerica,1
reddit.com/r/322ndworldproblems,1
blackculture,1
reddit.com/r/monsanto,1
HailKStreet,1
netsukuku,1
farming,1
reddit.com/r/motorcycles,1
reddit.com/r/thewalkingdead,1
ConspiracyX,1
reddit.com/r/conspiracyx,1
niggers,1
ConspiracyMeta,1
SexWorkers,1
reddit.com/r/xxxxxxx,1
NoParticipation,1
shadow_politics,1
reddit.com/r/fringediscussion,1
reddit.com/r/Boston,1
Redlands,1
ChristianSocialists,1
reddit.com/r/whose_side_are_you_on,1
reddit.com/r/Uncensorship,1
medical,1
reddit.com/r/medical,1
reddit.com/r/CONSPIRACY,1
funspiracy,1
questionauthority,1
reddit.com/r/rfindbostonbombers,1
TheRadicalCenter,1
reddit.com/r/UnresolvedMysteries,1
reddit.com/r/Uriminzokkiri,1
HailGovernment,1
agitation,1
kansascity,1
IWG,1
crackA858DE45F56D9BC9,1
reddit.com/r/trueconspiracy,1
reddit.com/r/HouseOfCards,1
reddit.com/r/nazihunting,1
reddit.com/r/tucson,1
reddit.com/r/Proofreading,1
reddit.com/r/MorbidReality,1
gunpolitics,1
reddit.com/r/upvotearmy,1
reddit.com/r/debatecommunism,1
reddit.com/r/dornercase,1
TrueAtheism,1
reddit.com/r/UK,1
troubledteens,1
reddit.com/r/chistianity,1
firstworldproblems,1
reddit.com/r/IWantOut,1
reddit.com/r/IGotOut,1
reddit.com/r/DarkNetPlan,1
reddit.com/r/postcollapse,1
reddit.com/r/homestead,1
reddit.com/r/selfsufficiency,1
reddit.com/r/LivingWithoutMoney,1
reddit.com/r/NaziHunting,1
reddit.com/r/cia,1
uwaterloo,1
reddit.com/r/VsSkeptic,1
reddit.com/r/conspirasee,1
msmexposed,1
reddit.com/r/conspiratroll,1
reddit.com/r/realpolitics,1
AnalyzingReddit,1
Antipsychiatry,1
Www.reddit.com/r/vsSkeptic,1
Likud,1
reddit.com/r/applebees,1
reddit.com/r/conservatism,1
reddit.com/r/holocaustdeniers,1
0x10c,1
Denver,1
reddit.com/r/spaceporn,1
reddit.com/r/IDAP,1
TheSurvivalGuide,1
reddit.com/r/TheoryOfReddit,1
reddit.com/r/conspircay,1
2012Elections,1
sandy,1
InternetAMA,1
Q0174Z563684X56H74,1
reddit.com/r/Creepshots,1
gardening,1
taxes,1
PlanetWideParty,1
reddit.com/r/ideasfortheadmins,1
animation,1
Subliminal,1
reddit.com/r/howtohack,1
Shit_My_Toilet_Says,1
reddit.com/r/HipHopTruth,1
reddit.com/r/conspiracy_uk,1
doomsday_pensacola,1
talkingpointstalk,1
thirdpartyroundtable,1
reddit.com/r/halo,1
reddit.com/r/iwantout,1
reddit.com/r/f7u12,1
reddit.com/r/9gag,1
C_Realm,1
indico,1
reddit.com/r/Crazyideas,1
reddit.com/r/Anarcho_Capitalism,1
reddit.com/r/truereddit,1
reddit.com/r/pyongyang,1
reddit.com/r/baking,1
reddit.com/r/cooking,1
reddit.com/r/minecraft,1
takedowntrapwire,1
reddit.com/r/5RBJFWYMJJQNYJ,1
reddit.com/r/climateskeptics,1
curiosityrover,1
OccupyBoston,1
reddit.com/r/politicalphilosophy,1
Good_Cop_Free_Donut,1
actual_security,1
overpopulation,1
TZM,1
thevenusproject,1
resourcebasedeconomy,1
resilientcommunities,1
GoldenPath,1
reddit.com/r/evolutionreddit,1
reddit.com/r/falsflagwatch,1
AnarchistNews,1
antiwar,1
reddit.com/r/anythinggoesnews,1
reddit.com/r/area52,1
blogola,1
reddit.com/r/censorship,1
Corrupted,1
reddit.com/r/Corruption,1
frontconspiracy,1
media,1
MiddleEastNews,1
reddit.com/r/ronpaulcensored,1
ShillHunters,1
reddit.com/r/skunkworks,1
worldevents,1
reddit.com/r/alanwatts,1
reddit.com/r/awakened,1
Koans,1
Meditation,1
Stoicism,1
taoism,1
reddit.com/r/freedomearth,1
DroneWatch,1
reddit.com/r/BannedDomains,1
BannedDomains,1
reddit.com/r/metaows,1
reddit.com/r/propagandawatch,1
tsis,1
blackpower,1
AmericanJewishPower,1
ZombieApocalypseWatch,1
reddit.com/r/comspiracy,1
umass,1
reddit.com/r/ConspiracyHumour,1
reddit.com/r/EndlessWar,1
KarmaConspiracy,1
reddit.com/r/theprophetmuhammad,1
comics,1
SilencedNoMore,1
reddit.com/r/powerusers,1
BDS,1
AntiSockPuppets,1
OriginalReddit,1
reddit.com/r/opinion,1
reddit.com/r/moderatepolitics,1
IndependentHiphop,1
reddit.com/r/ConspiracyDebates,1
reddit.com/r/thesurvivalguide,1
reddit.com/r/blogola,1
reddit.com/r/AdviceAnimals+announcements+AskReddit+askscience+atheism+aww+bestof+blog+funny+gaming+IAmA+movies+Music+pics+politics+science+technology+todayilearned+videos+worldnews+WTF,1
reddit.com/r/fixingdemocracy,1
reddit.com/r/govtwatch,1
raspberry_pi,1
CorrectnessCommissars,1
reddit.com/r/camo,1
benswann,1
reddit.com/r/energy,1
RonPaulCensored,1
reddit.com/r/AncientAliens,1
reddit.com/r/panichistory,1
HealthConspiracy,1
reddit.com/r/enoughobamaspam,1
reddit.com/r/nfl,1
ambiversive,1
joos,1
storyintheairport,1
reddit.com/r/redditactivism,1
agnosticism,1
Republican,1
alltheleft,1
reddit.com/r/commonlaw,1
Moderating,1
campFEMA,1
reddit.com/r/plasmacosmology,1
reddit.com/r/zog,1
museum,1
imgur,1
reddit.com/r/owswatch?foo=bar,1
metal%5D(www.reddit.com,1
fffffffuuuuuuuuuuuu,1
reddit.com/r/conspirafact,1
Occupy,1
Politics_Uncensored,1
PHP,1
reddit.com/r/Shills,1
reddit.com/r/techSupport,1
reddit.com/r/burybrigade,1
reddit.com/r/politicsnew,1
firefox,1
progadaffi,1
metareddit.com/reddits/filter/list?s=1000&l=1&o=all,1
reddit.com/r/scandals,1
wow,1
YouthRights,1
reddit.com/r/worldnewsuncensored,1
FYI,1
tinfoilhat,1
PeterSchiff,1
reddit.com/r/proisrael,1
reddit.com/r/answers,1
j7truth,1
ConspiracyFacts,1
reddit.com/r/troubledteens,1
reddit.com/r/resourcebasedeconomy,1
animaldeaths,1
reddit.com/r/animaldeaths,1
esoteric,1
Leakspin,1
StateOfTheUnion,1
reddit.com/r/archeology,1
Reddinati,1
fringescience,1
depleteduranium,1
ReasonableDiscussion,1
reddit.com/r/skepticism,1
reddit.com/r/711truth,1
environmentnoemail,1
redditorsfor911truth,1
reddit.com/r/invisiblefist,1
wired.com/threatlevel/2010/03/cyber-war-hype/?utm_source=reddit.com/r/conspiracy,1
reddit.com/r/CoffeeParty,1
ClimateSceptics,1
energy,1
reddit.com/r/hotviolingirls,1
reddit.com/r/programming,1
AmericanGovernment,1
hiphoptruth,1
Disinfo,1
PRICXwatch,1
alt_conspiracy,1
Pandemic,1
ProjectRainbow,1
Unanimous,1
entertainment,1
bestof_conspiracy,1
