reddit.com/u/P51Mike1980,39
reddit.com/u/spez,33
reddit.com/u/cereal-reposta,19
reddit.com/u/Tok-A-Mak,17
reddit.com/u/theIastjedi,16
reddit.com/u/axolotl_peyotl,15
reddit.com/u/AssuredlyAThrowAway,14
reddit.com/u/Flytape,13
reddit.com/u/solidwhetstone,12
reddit.com/u/NewJerseyFreakshow,11
reddit.com/u/cojoco,11
reddit.com/u/soccer,11
reddit.com/u/creq,10
reddit.com/u/flytape,10
reddit.com/u/jcm267,10
reddit.com/u/Einstimer,9
reddit.com/u/Ruddiver,9
reddit.com/u/kn0thing,8
reddit.com/u/SovereignMan,8
reddit.com/u/brain_doc,8
reddit.com/u/JamesColesPardon,7
reddit.com/u/mr_dong,7
reddit.com/u/hueypriest,7
reddit.com/u/QuestioningLiars,7
reddit.com/u/Herkimer,7
reddit.com/u/BipolarBear0,7
reddit.com/u/Ambiguously_Ironic,6
reddit.com/u/DronePuppet,6
reddit.com/u/Orangutan,6
reddit.com/u/forthelogver,6
reddit.com/u/LetsHackReality,6
reddit.com/u/ObeyTheCowGod,6
reddit.com/u/IntellisaurDinoAlien,5
reddit.com/u/ggggnut,5
reddit.com/u/sovereignman,5
reddit.com/u/Sarah_Connor,5
reddit.com/u/User_Name13,5
reddit.com/u/CelineHagbard,5
reddit.com/u/barawo33,5
reddit.com/u/stonetear,5
reddit.com/u/ninjakick666,5
reddit.com/u/Dearest_Caroline,5
reddit.com/u/-moose-,5
reddit.com/u/yishan,5
reddit.com/u/danglyW,5
reddit.com/u/pogomaster12,5
reddit.com/u/TheRedditPope,5
reddit.com/u/goneshocking,5
reddit.com/u/qgyh2,5
reddit.com/u/newtruth221,5
reddit.com/u/161719,5
reddit.com/u/Sabremesh,4
reddit.com/u/JUSTIN_HERGINA,4
reddit.com/u/ShellOilNigeria,4
reddit.com/u/Amos_Quito,4
reddit.com/u/ridestraight,4
reddit.com/u/montrealways,4
reddit.com/u/911bodysnatchers322,4
reddit.com/u/magnora7,4
reddit.com/u/tito333,4
reddit.com/u/Veritas_Aequitas,4
reddit.com/u/Veritas__Aequitas,4
reddit.com/u/Spez,4
reddit.com/u/publicmodlogs,4
reddit.com/u/TheGhostOfDusty,4
reddit.com/u/AutoModerator,4
reddit.com/u/DonTago,4
reddit.com/u/questioningliars,4
reddit.com/u/EMFTargetedGuy,4
reddit.com/u/bad911Truther,4
reddit.com/u/sugardeath,4
reddit.com/u/Izawwlgood,4
reddit.com/u/duckvimes_,4
reddit.com/u/European88,4
reddit.com/u/DaneelR,4
reddit.com/u/davidreiss666,4
reddit.com/u/assuredlyathrowaway,4
reddit.com/u/go1dfish,4
reddit.com/u/3rdEyeNavigator,4
reddit.com/u/thisishell,4
reddit.com/u/Julianthepagan,3
reddit.com/u/julianthepagan,3
reddit.com/u/illuminatedwax,3
reddit.com/u/elnegroik,3
reddit.com/u/joyofredddit,3
reddit.com/u/SpectreisMyName,3
reddit.com/u/GallowBoob,3
reddit.com/u/Wondermonkeydans,3
reddit.com/u/_Spook_,3
reddit.com/u/cryoshon,3
reddit.com/u/lordrothschild,3
reddit.com/u/Young-Kyoon,3
reddit.com/u/Sovereignman,3
reddit.com/u/sheasie,3
reddit.com/u/9000sins,3
reddit.com/u/Three_Letter_Agency,3
reddit.com/u/Medically,3
reddit.com/u/smokinbluebear,3
reddit.com/u/BumBiddlyBiddlyBum,3
reddit.com/u/quantumcipher,3
reddit.com/u/LawOfAttraction33,3
reddit.com/u/powerlanguage,3
reddit.com/u/kickme444,3
reddit.com/u/75000_Tokkul,3
reddit.com/u/beengangstalked,3
reddit.com/u/Kesha_Paul,3
reddit.com/u/agentlame,3
reddit.com/u/moonpurr,3
reddit.com/u/automoderator,3
reddit.com/u/ae911truth,3
reddit.com/u/fritzly,3
reddit.com/u/magnora2,3
reddit.com/u/Semebay,3
reddit.com/u/thedigitalking,3
np.reddit.com/user/qgyh2,3
reddit.com/u/hmacdprk,3
reddit.com/u/SamSlate,3
reddit.com/u/shill,3
reddit.com/user/hmlee,3
reddit.com/u/ArchonFall4All,2
reddit.com/u/prolix,2
reddit.com/u/Mae-Brussell-Hustler,2
reddit.com/u/Balthanos,2
reddit.com/u/mastigia,2
reddit.com/u/52NUKE,2
reddit.com/u/newguy,2
reddit.com/u/smokey_bear,2
reddit.com/u/GregariousWolf,2
reddit.com/u/Hippieremover,2
reddit.com/u/757889,2
reddit.com/u/HongkongChabib,2
reddit.com/u/wecanwasteanight,2
reddit.com/u/GlobalHell,2
reddit.com/u/EndoveProduct,2
reddit.com/u/jiceonmyface,2
reddit.com/u/dildoloeert,2
reddit.com/u/forniation,2
reddit.com/u/todayilearned83,2
reddit.com/u/gthing,2
reddit.com/u/DeathShip,2
reddit.com/u/lumpychick,2
reddit.com/u/webofslime,2
reddit.com/user/TheSeekerOfPeace,2
reddit.com/u/BillTheCommunistCat,2
reddit.com/u/FeelTheEmailMistake,2
reddit.com/u/reallywidetree,2
reddit.com/u/Gofyourself2x,2
reddit.com/u/enfrozt,2
reddit.com/user/tito333,2
reddit.com/user/Young-Kyoon/submitted/,2
reddit.com/u/darkomantis,2
reddit.com/u/Yum_Kaax,2
reddit.com/u/d,2
reddit.com/u/NutritionResearch,2
reddit.com/u/BigBigCookieMonster,2
reddit.com/u/PleadingtheYiff,2
reddit.com/u/Here4Popcorn,2
reddit.com/u/cupcake1713,2
reddit.com/u/nucensorship,2
reddit.com/u/putin_loves_cats,2
reddit.com/u/jamesgalb,2
reddit.com/u/SnatcherBadger,2
reddit.com/u/twofu_,2
reddit.com/u/Viking83,2
reddit.com/u/StrictScrutiny,2
reddit.com/u/SeeBall,2
reddit.com/u/tyler_zoro,2
reddit.com/u/ekjp,2
reddit.com/u/krispykrackers,2
reddit.com/u/ocrasorm,2
reddit.com/u/chooter,2
reddit.com/u/jedberg,2
reddit.com/u/giantfrogfish,2
reddit.com/u/911bodysnatchers,2
reddit.com/u/shredder13,2
reddit.com/u/JoyousCacophony,2
reddit.com/u/cant_trust_hillary,2
reddit.com/u/A_favorite_rug,2
reddit.com/u/badbiosvictim1,2
reddit.com/u/nopozpls,2
reddit.com/u/P51Mik1980,2
reddit.com/u/Deathdeathanddeath,2
reddit.com/u/Gaget,2
reddit.com/u/high-priest-of-slack,2
reddit.com/u/shillord,2
reddit.com/u/MurrueLaFlaga,2
reddit.com/u/FlyTape,2
reddit.com/u/2093843,2
reddit.com/u/otistoole,2
reddit.com/u/WTCMolybdenum4753,2
reddit.com/u/Willertz,2
reddit.com/user/Big_Baby_Jesus_,2
reddit.com/u/iGeoff,2
reddit.com/u/d4rthdonut,2
reddit.com/u/Creep_The_Night,2
reddit.com/u/eberkneezer,2
reddit.com/u/msobelle,2
reddit.com/u/JF_Queeny,2
reddit.com/u/Sporkicide,2
reddit.com/u/MRB2012,2
reddit.com/u/shark_shank,2
reddit.com/u/9-ll,2
reddit.com/u/DishonestCartooNIST,2
reddit.com/u/InternetPropagandist,2
reddit.com/u/BigBrownBeav,2
reddit.com/u/badBiosSavior,2
reddit.com/u/Paradox,2
reddit.com/u/metaredditcancer,2
reddit.com/user/PostNationalism,2
reddit.com/u/Canadian_POG,2
reddit.com/u/33degree,2
reddit.com/u/4to3,2
reddit.com/u/4to4,2
reddit.com/u/Indra-Varuna,2
reddit.com/u/orangutan,2
reddit.com/u/amos_quito,2
reddit.com/u/ky1e,2
reddit.com/u/UncleSamuel,2
reddit.com/u/eightnote,2
reddit.com/u/unclesamuel,2
reddit.com/u/rabidelectronics,2
reddit.com/user/PIArecruiter,2
reddit.com/u/bipolarbear0,2
reddit.com/u/avengingpancake,2
reddit.com/user/kemitche,2
reddit.com/u/green_flash,2
reddit.com/u/weedtastic,2
reddit.com/u/MGY401,2
reddit.com/u/TheGhostofDusty,2
reddit.com/u/LuckyBdx4,2
reddit.com/u/feedbot,2
reddit.com/user/AZSnakePit,2
reddit.com/u/redping,2
reddit.com/u/godiebiel,2
reddit.com/u/reader-red,2
reddit.com/u/cryptogram,2
reddit.com/u/letsownthenwo,2
reddit.com/u/myconspiracyname,2
reddit.com/u/Occidentalist,2
reddit.com/u/Turnshroud,2
reddit.com/u/Wyboth,2
reddit.com/u/groupuscule,2
reddit.com/u/uncensorship,2
reddit.com/u/FrontPageWatch,2
reddit.com/u/Zenof,2
reddit.com/u/LOLSail,2
reddit.com/u/NickWasHere09,2
reddit.com/u/Reese_Ridley,2
reddit.com/u/TempleOfTime,2
reddit.com/u/conspirator,2
reddit.com/user/Soullessandproud,2
reddit.com/user/kahirsch,2
reddit.com/u/supercede,2
reddit.com/u/peyote_the_coyote,1
reddit.com/u/SPEZ,1
reddit.com/user/dtreth,1
reddit.com/u/JulianthePagan,1
reddit.com/u/narwhalstreet,1
reddit.com/u/gaiti776,1
reddit.com/u/ModernDayTJ,1
reddit.com/u/bluemagic124,1
reddit.com/u/RiggedItdotCOM,1
reddit.com/u/notacrackheadofficer,1
reddit.com/u/always_contrarian,1
reddit.com/u/hoeskioeh,1
reddit.com/u/globalhell,1
reddit.com/user/mdurantLiberty,1
reddit.com/u/axolotyl_peyotl,1
reddit.com/u/SheilaCasey,1
reddit.com/u/Linda_Ives,1
reddit.com/u/SmokeOnTheDirt,1
reddit.com/u/BuildTheWalle,1
reddit.com/u/sinedup4thiscomment,1
reddit.com/u/RedPillFiend,1
reddit.com/u/zeebrahh,1
reddit.com/u/curiosity36,1
reddit.com/u/mdurantLiberty,1
reddit.com/u/GenericUsername57892,1
reddit.com/u/qoloku,1
reddit.com/u/shortadamlewis,1
reddit.com/u/jeremybryce,1
reddit.com/u/Whistle_Bl0w,1
reddit.com/u/another_chance,1
reddit.com/u/ysl_george,1
reddit.com/u/Better_Redditing,1
reddit.com/u/TripleDoug,1
reddit.com/u/BasedFolesCanFmyB,1
reddit.com/u/MaxHubert,1
reddit.com/u/djklbd,1
reddit.com/u/mouth2005,1
reddit.com/user/Aryan-Swede,1
reddit.com/user/CNCCocoa,1
reddit.com/user/BOND_0007,1
reddit.com/user/DarePunisher,1
reddit.com/user/Detective_Mash,1
reddit.com/user/Daipenmon,1
reddit.com/user/DroneLee,1
reddit.com/user/Cubelover777,1
reddit.com/user/Delta-bomb,1
reddit.com/user/SultanPeach,1
reddit.com/user/discogoatsex,1
reddit.com/user/AuroraOfStubs,1
reddit.com/user/Veralann,1
reddit.com/user/75-otic,1
reddit.com/user/Colouratura,1
reddit.com/u/internetemu,1
reddit.com/u/52Nuke,1
reddit.com/u/Katayani108,1
reddit.com/u/Mangazos,1
reddit.com/u/poopellar,1
reddit.com/u/oldcoot88,1
reddit.com/u/everything_at_will,1
reddit.com/u/Awesome_as_FAIZ,1
reddit.com/u/attributable,1
reddit.com/user/the_pig_man,1
reddit.com/u/skoalbrother,1
reddit.com/u/Mouth2005,1
reddit.com/u/Landiesaw,1
reddit.com/u/AmbiguouslyIronic,1
reddit.com/u/bawaro33,1
reddit.com/u/gaslightin,1
reddit.com/u/Gaslightin,1
reddit.com/u/omgitsfletch,1
reddit.com/u/Dogetor_Doge,1
reddit.com/u/10gauge,1
reddit.com/user/pandapolitics,1
reddit.com/user/TruthSeeker1776/submitted/,1
reddit.com/u/rocktorwho,1
reddit.com/u/playasl,1
reddit.com/u/biglymagaback,1
reddit.com/u/MeGrimlock4,1
reddit.com/u/FilmerandHobbes,1
reddit.com/u/secret4trump,1
reddit.com/u/J_Dillinger,1
reddit.com/u/ShitHitsTheMan,1
reddit.com/u/fuckthemedia,1
reddit.com/u/fuckthegov,1
reddit.com/u/JakeT-life-is-great,1
reddit.com/u/_kthechief,1
reddit.com/u/cognitiveloops,1
reddit.com/u/TokyoBurnout,1
reddit.com/u/maxymcswagboi,1
reddit.com/u/docbloodmoney,1
reddit.com/u/cvs_lives_matter,1
reddit.com/u/coloringbooktherapy,1
reddit.com/u/captincanada,1
reddit.com/u/calbertabound,1
reddit.com/u/buttclock,1
reddit.com/u/bucksin420,1
reddit.com/u/boom7777,1
reddit.com/u/beamusupmrscott,1
reddit.com/u/battletoadpedetemkin,1
reddit.com/u/awscertified,1
reddit.com/u/areyoufuckinghappy,1
reddit.com/u/420canadiangreen,1
reddit.com/u/_thatsnumberwang_,1
reddit.com/u/_presidenttrump,1
reddit.com/u/aliceinchains1989,1
reddit.com/u/andyb5,1
reddit.com/u/arewethebaddiesyes,1
reddit.com/u/antnylopz,1
reddit.com/u/donaldxlv,1
reddit.com/u/donniebgoode,1
reddit.com/u/every1lovesrayquaza,1
reddit.com/u/fastermind,1
reddit.com/u/fenixx117,1
reddit.com/u/flimflam2020,1
reddit.com/u/flippy55555,1
reddit.com/u/fuckedchildhood,1
reddit.com/u/gavroche18,1
reddit.com/u/impolytene55,1
reddit.com/u/isis_are_islamic,1
reddit.com/u/israellovestrump,1
reddit.com/u/nothingmuchheretosay,1
reddit.com/u/osborn2shred11,1
reddit.com/u/overzealousav,1
reddit.com/u/vin567,1
reddit.com/u/usernameson,1
reddit.com/u/sjwsrs,1
reddit.com/u/skankhunt42_________,1
reddit.com/u/stumblingbear,1
reddit.com/u/taco_man_texas,1
reddit.com/u/thismaybepodracing,1
reddit.com/u/potatoewaffle,1
reddit.com/u/ralphnlauren,1
reddit.com/u/scothibb,1
reddit.com/u/nope07,1
reddit.com/u/nex201,1
reddit.com/u/navybluefox,1
reddit.com/u/navyblue_fox,1
reddit.com/u/kar0shi00,1
reddit.com/u/mrshekelstein15,1
reddit.com/u/mracceleration,1
reddit.com/u/mikepencemakessense,1
reddit.com/u/ltgeneralshitposter,1
reddit.com/u/lord_newbie,1
reddit.com/u/kush_did_420-,1
reddit.com/u/llllu,1
reddit.com/u/mcfooce,1
reddit.com/u/djweinerscience,1
reddit.com/u/disc0ntent,1
reddit.com/u/deus___vult,1
reddit.com/u/deplorablepatriot27,1
reddit.com/u/dd416,1
reddit.com/u/cuckerbergg,1
reddit.com/u/cliftonfrancisco,1
reddit.com/u/cariboucollar,1
reddit.com/u/brewjayyy,1
reddit.com/u/bigskyboarder,1
reddit.com/u/biglymaga,1
reddit.com/u/bernie_wears_depends,1
reddit.com/u/b2ejme,1
reddit.com/u/attackdog1776,1
reddit.com/u/astrophotoenthusiast,1
reddit.com/u/9sv7,1
reddit.com/u/5s5s5ss5,1
reddit.com/u/aftermetheflood,1
reddit.com/u/acoginthewheel,1
reddit.com/u/accountnummer5,1
reddit.com/u/aliceoxalis,1
reddit.com/u/doggoislife,1
reddit.com/u/donttoucht,1
reddit.com/u/donttreadonmemaga,1
reddit.com/u/donttrustgoogle,1
reddit.com/u/doomboths,1
reddit.com/u/exploresanity,1
reddit.com/u/fangwolf95,1
reddit.com/u/fantrosi,1
reddit.com/u/ffseducateyourself,1
reddit.com/u/flirtyd,1
reddit.com/u/fringetheories,1
reddit.com/u/fristsache,1
reddit.com/u/genghispullo,1
reddit.com/u/georgebushforprison,1
reddit.com/u/getsix,1
reddit.com/u/goldvinyl,1
reddit.com/u/greed_is_bad,1
reddit.com/u/grichka_bogdanoff,1
reddit.com/u/harambist,1
reddit.com/u/herpesphobic,1
reddit.com/u/hyperion1634,1
reddit.com/u/igottaquestionhelpme,1
reddit.com/u/im_foreign,1
reddit.com/u/infinity_engine,1
reddit.com/u/inthissignveni,1
reddit.com/u/its_all_mythology,1
reddit.com/u/jack41096,1
reddit.com/u/jeanluctrumpard,1
reddit.com/u/notsorrysorry,1
reddit.com/u/nova_day,1
reddit.com/u/ohaikek,1
reddit.com/u/orangebastard,1
reddit.com/u/osman_turk,1
reddit.com/u/whatemails,1
reddit.com/u/victoriousdeplorable,1
reddit.com/u/tovalhalla,1
reddit.com/u/triggered19,1
reddit.com/u/teen-la-queef-a,1
reddit.com/u/theboringitguy,1
reddit.com/u/sultx4,1
reddit.com/u/superluminalparticle,1
reddit.com/u/swiffermom,1
reddit.com/u/t_dwtf,1
reddit.com/u/soaliensarereal-o_o,1
reddit.com/u/spanky_ii,1
reddit.com/u/rickfromrickandmorty,1
reddit.com/u/ryche-,1
reddit.com/u/pannra,1
reddit.com/u/peopleareawful32,1
reddit.com/u/pepeofpeace,1
reddit.com/u/percolation_theory,1
reddit.com/u/phillip_jacobs,1
reddit.com/u/pleasedieasshole,1
reddit.com/u/presidente_pepe,1
reddit.com/u/profanum16,1
reddit.com/u/muhlurky,1
reddit.com/u/mr-charming,1
reddit.com/u/mjaumjau,1
reddit.com/u/justforzenfone2,1
reddit.com/u/johnnyqnewguy,1
reddit.com/u/kkona12345,1
reddit.com/u/kjellpu,1
reddit.com/u/kimchi-queen,1
reddit.com/u/kia423469420,1
reddit.com/u/karanasticmusic,1
reddit.com/u/mf064dd,1
reddit.com/u/lordofshittsville,1
reddit.com/u/logicfordays,1
reddit.com/u/lizardqueen16,1
reddit.com/u/DeportThemAllNow,1
reddit.com/u/occamssafetyscissors,1
reddit.com/u/eric_mccurry,1
reddit.com/u/paulie_purr,1
reddit.com/u/johhnytruthseed2,1
reddit.com/u/Phouza,1
reddit.com/u/LinkinKornknot,1
reddit.com/u/ThugFeminist,1
reddit.com/u/Dumbkidaccount,1
reddit.com/u/Bigmethod,1
reddit.com/u/Domchirico80,1
reddit.com/u/carlden3,1
reddit.com/u/dotMP3ree,1
reddit.com/u/jakess_86,1
reddit.com/u/Boeminemlightswitch,1
reddit.com/u/domo101dc,1
reddit.com/u/polkadotgirl,1
reddit.com/u/BondsWithXenon,1
reddit.com/u/Killswithy,1
reddit.com/u/leftswitch56565,1
reddit.com/u/Leftforcpsycho,1
reddit.com/u/Signuphere34234,1
reddit.com/u/tyjyukjrrtrrrtrt,1
reddit.com/u/checktheisteeee,1
reddit.com/u/smokealittlewed,1
reddit.com/u/makealisttttt,1
reddit.com/u/Donaldathisfirstbaby,1
reddit.com/u/Liftthelever,1
reddit.com/u/caiforniaaalovee,1
reddit.com/u/Israelsonbitc,1
reddit.com/u/Lebbitlies,1
reddit.com/u/jicelovra,1
reddit.com/u/signsdnus7w,1
reddit.com/u/lastcondom,1
reddit.com/u/fish_powered_cart,1
reddit.com/u/forgeskyrim,1
reddit.com/u/Avenger_of_Justice,1
reddit.com/u/thisisnatyocheese,1
reddit.com/u/ManiaforBeatles,1
reddit.com/u/Rhandon123,1
reddit.com/u/jucielicerrrr,1
reddit.com/u/titosnotvodka,1
reddit.com/u/4rch1t3ct,1
reddit.com/u/2dubs1bro,1
reddit.com/u/InertiaInMyPants,1
reddit.com/u/Smashdoeshoes,1
reddit.com/u/Shyenetta,1
reddit.com/u/Awwwyeaaaas,1
reddit.com/u/Micro_West,1
reddit.com/u/hammysauswers,1
reddit.com/u/DumbassJ,1
reddit.com/u/mtg_and_mlp,1
reddit.com/u/MsMicrowave,1
reddit.com/u/SuperSmash007,1
reddit.com/u/ursaslayer,1
reddit.com/u/AlternativeFactCheck,1
reddit.com/u/koviko,1
reddit.com/u/nudemanonbike,1
reddit.com/u/discogodfather6922,1
reddit.com/u/DeformedReality,1
reddit.com/u/filluppp,1
reddit.com/u/DigitalGarden,1
reddit.com/u/Maikudono,1
reddit.com/u/username_id,1
reddit.com/u/801throwaway,1
reddit.com/u/Effyup,1
reddit.com/u/LessThanDan,1
reddit.com/u/tanasbourne,1
reddit.com/u/PaulDuane,1
reddit.com/u/yspeenbean,1
reddit.com/u/neurofluxation,1
reddit.com/u/Bruuus,1
reddit.com/u/ansultares,1
reddit.com/u/Glitchypink,1
reddit.com/u/01261947,1
reddit.com/u/intellisaurdinoalien,1
reddit.com/user/Daryatash/m/gs/,1
reddit.com/u/hj860815,1
reddit.com/u/birthdaysuit111,1
reddit.com/u/thesarl,1
reddit.com/u/joe_jaywalker,1
reddit.com/u/Honk4Tits,1
reddit.com/u/justin_timeforcake,1
reddit.com/u/DrGalactus,1
reddit.com/u/CitationDependent,1
reddit.com/user/pk_6,1
reddit.com/u/Findingthedot,1
reddit.com/u/SmedleyButlersGhost,1
reddit.com/u/PhilosopherofFreedom,1
reddit.com/u/plato_thyself,1
reddit.com/user/Sam_Mulder/m/spiritual/,1
reddit.com/u/TheRootsCrew,1
reddit.com/u/interrogatorybunny,1
reddit.com/u/runDNA,1
reddit.com/u/JIPPIEJEE,1
reddit.com/u/AkiraErebos,1
reddit.com/u/shillgambitoverfact,1
reddit.com/u/joatmon-snoo,1
reddit.com/u/joatman-snoo,1
reddit.com/u/Ninjakick666,1
reddit.com/u/Mooseyxhmx,1
reddit.com/u/KekSublime,1
reddit.com/u/MaskUnderMask,1
reddit.com/u/eoj1,1
reddit.com/user/orangefarm/,1
reddit.com/user/VivaLaRevolucione,1
reddit.com/u/Jiketi,1
reddit.com/u/hambone_malone,1
reddit.com/u/balthanos,1
reddit.com/u/zyklorpthehuman,1
reddit.com/u/soonerchad,1
np.reddit.com/user/MKUltraSexy,1
reddit.com/u/MKUltraSexy,1
reddit.com/user/fidelbogen/,1
reddit.com/u/broreemmeanasstaday,1
reddit.com/user/LeavesTeaLeaves,1
reddit.com/u/dick_dasterdlee,1
reddit.com/u/Blushsolocup,1
reddit.com/u/LurkMcGurck,1
reddit.com/u/startrekscot,1
reddit.com/u/croimlin,1
reddit.com/u/YouHaveCancer_,1
reddit.com/user/MrPeoplesReddit/,1
reddit.com/u/Magnora7,1
reddit.com/u/BiglyMAGA,1
reddit.com/user/resistmod/,1
reddit.com/user/71tsiser/,1
reddit.com/user/thefrontofprogress/,1
reddit.com/user/WixFix,1
reddit.com/u/ownthenwo,1
reddit.com/u/sweetholymosiah,1
web.archive.org/web/20170223031037/reddit.com/user/sirylj/,1
reddit.com/user/Blazemore_Bazemore,1
reddit.com/u/knighbeforetomorrow,1
reddit.com/u/juggernaut8,1
reddit.com/u/pompitous_of_love,1
reddit.com/u/DoYouBooBooDoYou,1
reddit.com/u/child_of_old,1
reddit.com/u/murphy212,1
reddit.com/u/farklegubgub,1
reddit.com/u/Jubilee_Jules,1
reddit.com/u/abszmak,1
reddit.com/u/Kaisernegro,1
reddit.com/u/DonaldWashington,1
reddit.com/u/ShilohShay,1
reddit.com/u/calypsocasino,1
reddit.com/u/PleiadianBigfoot,1
reddit.com/u/OptimisticAgent,1
reddit.com/u/fairie_poison,1
reddit.com/user/swikil,1
reddit.com/u/Decompress,1
reddit.com/u/blaaaahhhhh,1
reddit.com/u/therealtruetrue,1
reddit.com/u/g_petronius,1
reddit.com/u/Ununoctium117,1
reddit.com/u/Nostradamus101,1
reddit.com/u/michaelfinnigan,1
reddit.com/u/iwasducky,1
reddit.com/u/KindBass,1
reddit.com/u/MKULTRA_Escapee,1
reddit.com/u/TheSoulFrog,1
reddit.com/user/Trauermarsch,1
reddit.com/u/hambrehombre,1
reddit.com/u/chennyisnayr,1
reddit.com/user/rotoreuters/?sort=controversial,1
reddit.com/u/IceDagger316,1
reddit.com/u/Know_Comment,1
reddit.com/u/JTwPAXT,1
reddit.com/u/VROF,1
reddit.com/u/echopeus,1
reddit.com/u/pup2551,1
reddit.com/u/Bernie4ever,1
reddit.com/user/Thatman5454/,1
reddit.com/user/hillaryisgoingdown,1
reddit.com/user/HH_Holmeskillet,1
reddit.com/user/3hmmmmm3,1
reddit.com/user/DrJarns,1
reddit.com/user/HexezWork/,1
reddit.com/user/relevantlife/,1
reddit.com/user/Futurist110,1
reddit.com/user/Rug_Bar,1
reddit.com/user/psioni,1
reddit.com/user/CNegan,1
reddit.com/user/ericfeinberg28,1
reddit.com/u/thefuckingtoe,1
reddit.com/u/Dripsauce,1
reddit.com/u/hadhad69,1
reddit.com/u/sudo-tleilaxu,1
reddit.com/u/THE_LORD_HERESY,1
reddit.com/u/dickardsphenkter,1
reddit.com/u/illBoopYaHead,1
reddit.com/user/Muh_Condishuns,1
reddit.com/u/Muh_Condishuns,1
reddit.com/user/Young-Kyoon,1
reddit.com/user/LightBringerFlex,1
reddit.com/u/LightBringerFlex,1
reddit.com/user/Bernie4Ever,1
reddit.com/u/Bernie4Ever,1
reddit.com/user/TouchMeHerePls,1
reddit.com/u/TouchMeHerePls,1
reddit.com/user/Tha_Dude_Abidez,1
reddit.com/u/Tha_Dude_Abidez,1
reddit.com/user/downtowne,1
reddit.com/u/downtowns,1
reddit.com/user/toomuchdota#form-t1_dc5fpcob7y,1
reddit.com/u/anarchosmurf,1
reddit.com/u/Holo-Mind,1
reddit.com/user/Here_Comes_The_King,1
reddit.com/u/2many2Toss,1
reddit.com/u/richard_nixon,1
reddit.com/u/shaggy84,1
reddit.com/u/lopestatus,1
reddit.com/u/callmebaiken,1
reddit.com/user/SketchySiteBot,1
np.reddit.com/user/LordVVS/,1
reddit.com/u/dadofaayan,1
np.reddit.com/user/Three_Letter_Agency/submitted/?sort=top,1
np.reddit.com/user/Three_Letter_Agency/comments/?sort=top,1
reddit.com/user/anon31903,1
reddit.com/u/enterbulate,1
reddit.com/user/Stopmo,1
reddit.com/user/dtiftw,1
reddit.com/user/BugAdhesivHatesJuice,1
reddit.com/u/another_superhero,1
reddit.com/u/Ci_sees_seas,1
reddit.com/u/KiA423469420,1
reddit.com/u/FuzzyNavel,1
reddit.com/u/y67u57654et35b,1
reddit.com/u/assuredlyAThrowAway,1
reddit.com/user/thehouseof/,1
reddit.com/u/TylerBalius,1
reddit.com/user/TeslasMuse/,1
reddit.com/user/EmperorWorf/submitted/,1
reddit.com/u/w0rdd,1
reddit.com/user/HeavenSmiles/,1
reddit.com/u/masamunecyrus,1
reddit.com/u/Throwawaycuzleaks,1
reddit.com/u/antihexe,1
reddit.com/u/DefNotHillDawg,1
reddit.com/u/throw_away4ever,1
reddit.com/u/Rapidity2y,1
reddit.com/u/hydroponicfunbags,1
reddit.com/u/NeenerNanner,1
reddit.com/u/theshadowbrokers,1
reddit.com/u/805995-2-558,1
reddit.com/u/dataphreak,1
reddit.com/u/reini_urban,1
reddit.com/u/shogun_starship,1
reddit.com/u/Skirmish_38,1
reddit.com/u/wikileaksleaks,1
reddit.com/u/kybarnet,1
reddit.com/u/MaeBrussellHustler,1
reddit.com/u/here4popcorn,1
reddit.com/u/qrestlove,1
reddit.com/u/founthead,1
reddit.com/u/Beneficial1,1
reddit.com/u/Admin_Infinitum,1
reddit.com/u/Glader_OGS,1
reddit.com/u/mr_Braxx,1
reddit.com/u/rabidmonkey1,1
reddit.com/u/Phinigma,1
reddit.com/u/browneyeofprovidence,1
reddit.com/u/xSnuggleBear,1
reddit.com/u/runnnnnnn,1
np.reddit.com/u/Banshee__Queen,1
np.reddit.com/u/Isentrope,1
np.reddit.com/u/InIncognitoMode,1
np.reddit.com/u/DefenestratedLynx,1
np.reddit.com/user/YouveHadOneTooMany,1
reddit.com/u/CountClais,1
reddit.com/user/BreadExplosion,1
reddit.com/user/We-think-we-are-free,1
reddit.com/u/toothaware,1
reddit.com/u/VintageContemporary,1
reddit.com/u/charging_bull,1
np.reddit.com/user/BumBiddlyBiddlyBum/,1
reddit.com/u/FrenchQuaker,1
np.reddit.com/user/BumBiddlyBiddlyBum/submitted/,1
np.reddit.com/user/SnatcherBadger/comments/,1
reddit.com/u/twofu,1
reddit.com/u/Everclearsky,1
reddit.com/u/flavorhythm,1
reddit.com/u/mustdashgaming,1
reddit.com/u/datcv,1
reddit.com/u/Gallowboob,1
reddit.com/u/TheKooler,1
reddit.com/u/viking83,1
reddit.com/u/mormondocuments,1
reddit.com/u/nimblerichman,1
reddit.com/u/tehdonald,1
reddit.com/u/surfrock66,1
reddit.com/u/astralrocker2001,1
reddit.com/u/DerailTrain,1
reddit.com/u/hotjohnnyjogs,1
reddit.com/u/TheM3chanic,1
reddit.com/u/INFOWARS,1
reddit.com/u/EvilPhd666,1
reddit.com/u/rhynchelma,1
reddit.com/u/pilgray,1
reddit.com/u/greenascanbe,1
reddit.com/u/Cenethle,1
reddit.com/u/iamyourdoglol,1
reddit.com/u/agnostic_science,1
reddit.com/user/JeffersonPutnam,1
reddit.com/u/ArtlessWonder,1
reddit.com/u/darkerblew,1
reddit.com/u/DL575,1
reddit.com/user/darkaceAU,1
reddit.com/u/ass_blaster_nun,1
np.reddit.com/user/911bodysnatchers322/submitted/?count=900&after=t3_3x1rfb,1
reddit.com/u/Vermonty_Python,1
reddit.com/u/EditorialComplex,1
reddit.com/user/-moose-/,1
reddit.com/u/the_royal_sequence,1
reddit.com/user/bigmanrunner,1
reddit.com/u/mynskib,1
reddit.com/u/egypturnash,1
reddit.com/user/ABgraphics,1
reddit.com/user/We-Know-Who-You-Are,1
reddit.com/u/dejeneration,1
reddit.com/u/5daysn,1
reddit.com/u/acidtwist,1
reddit.com/u/ajacksified,1
reddit.com/u/akahotcheetos,1
reddit.com/u/alexishensel,1
reddit.com/u/aurora-73,1
reddit.com/u/bethereinfive,1
reddit.com/u/bluemoon3689,1
reddit.com/u/bluepinkblack,1
reddit.com/u/bsimpson,1
reddit.com/u/cat_sweaterz,1
reddit.com/u/ckk524,1
reddit.com/u/cmrnwllsbm,1
reddit.com/u/comeforthlazarus,1
reddit.com/u/curioussavage01,1
reddit.com/u/danehansen,1
reddit.com/u/deimorz,1
reddit.com/u/dforsyth,1
reddit.com/u/dividedstates,1
reddit.com/u/donotlicktoaster,1
reddit.com/u/drew,1
reddit.com/u/drunken_economist,1
reddit.com/u/florwat,1
reddit.com/u/freedomthebucket,1
reddit.com/u/gooeyblob,1
reddit.com/u/hellohobbit,1
reddit.com/u/highshelfofsteam,1
reddit.com/u/im2lucky,1
reddit.com/u/jase,1
reddit.com/u/jophuds,1
reddit.com/u/juhjj,1
reddit.com/u/kaitaan,1
reddit.com/u/kirbyrules,1
reddit.com/u/largenocream,1
reddit.com/u/liltrixxy,1
reddit.com/u/lordvynil,1
reddit.com/u/madlee,1
reddit.com/u/maxgprime,1
reddit.com/u/miamiz,1
reddit.com/u/notenoughcharacters9,1
reddit.com/u/pixelinaa,1
reddit.com/u/reddit,1
reddit.com/u/rhymeswithandrew,1
reddit.com/u/rram,1
reddit.com/u/rrmckinley,1
reddit.com/u/ryanmerket,1
reddit.com/u/sgtjamz,1
reddit.com/u/spgreedwood,1
reddit.com/u/spladug,1
reddit.com/u/sporkicide,1
reddit.com/u/taxidermyunicornhead,1
reddit.com/u/tdohz,1
reddit.com/u/thorarakis,1
reddit.com/u/umbrae,1
reddit.com/u/weffey,1
reddit.com/u/willowgrain,1
reddit.com/u/xilvar,1
reddit.com/u/xiongchiamiov,1
reddit.com/u/xiong_as_admin,1
reddit.com/u/youngluck,1
reddit.com/u/zeantsoi,1
reddit.com/u/zubair,1
reddit.com/u/alienth,1
reddit.com/u/aquilafiera,1
reddit.com/u/bitcrunch,1
reddit.com/u/cfcommando,1
reddit.com/u/chromakode,1
reddit.com/u/dacvak,1
reddit.com/u/dehrmann,1
reddit.com/u/doubleusquared,1
reddit.com/u/dylan,1
reddit.com/u/garyjense,1
reddit.com/u/iamapillow,1
reddit.com/u/intortus,1
reddit.com/u/jaleh,1
reddit.com/u/jenakalif,1
reddit.com/u/jo_asakura,1
reddit.com/u/kemitche,1
reddit.com/u/ketralnis,1
reddit.com/u/keysersosa,1
reddit.com/u/michelectric,1
reddit.com/u/mrefish,1
reddit.com/u/ninatekwani,1
reddit.com/u/nnja,1
reddit.com/u/notalindsay,1
reddit.com/u/pinwale,1
reddit.com/u/raldi,1
reddit.com/u/rebecalyn,1
reddit.com/u/reostra,1
reddit.com/u/rhygaar,1
reddit.com/u/ryancarnated,1
reddit.com/u/samaltman,1
reddit.com/u/shlurbee,1
reddit.com/u/Gorkildeathgod,1
reddit.com/u/Denmark1976,1
reddit.com/u/3rdquestion,1
reddit.com/user/--HillaryClinton--,1
reddit.com/u/bobstooder,1
reddit.com/u/RamenRider,1
reddit.com/u/RainbowsAndDespair,1
np.reddit.com/user/SuspiciousSpecialist#page=1,1
reddit.com/u/Mumberthrax,1
reddit.com/u/sarahconner,1
reddit.com/u/Y2Kondogbia,1
reddit.com/u/pear22,1
reddit.com/u/reddit_com_r_,1
reddit.com/u/createanewaccount-,1
reddit.com/u/asdfghjklzxcvbnm__,1
reddit.com/u/reddit_____________-,1
reddit.com/u/Liam__Alexander,1
reddit.com/u/google_com_,1
reddit.com/u/amelekel,1
reddit.com/u/im-self-employed,1
reddit.com/u/Mae-brussell-hustler,1
reddit.com/u/LarouchePAC2016,1
reddit.com/u/TheRevengeOfBob,1
reddit.com/u/ecloc,1
reddit.com/u/Panencephalitis,1
reddit.com/u/Agento420,1
reddit.com/u/theawesomethatis,1
reddit.com/u/Jakeable,1
reddit.com/u/haripotter,1
np.reddit.com/u/jcm267,1
reddit.com/u/hfist,1
reddit.com/u/1345,1
reddit.com/user/CactusTonya,1
reddit.com/user/OllieAnntan,1
reddit.com/user/GoldmineSachs,1
reddit.com/user/OxyNi93,1
reddit.com/user/Todd_Buttes,1
reddit.com/user/powerbottoming,1
reddit.com/user/poliephem,1
reddit.com/user/Dailykos_Refugee,1
reddit.com/user/rd3111,1
reddit.com/user/hillaryvasan2016,1
reddit.com/user/bagels919,1
reddit.com/user/Cynic_Al,1
reddit.com/u/Just_Succubus_Things,1
reddit.com/u/FreddiePotatoes,1
reddit.com/u/CobaltPhantom,1
reddit.com/u/51Mike1980,1
reddit.com/u/7500_Tokkul,1
reddit.com/u/PR0G0D,1
reddit.com/u/TrumpLivesMatter,1
reddit.com/u/Poutchika,1
reddit.com/u/chilliphilli,1
reddit.com/u/bigbowlowrong,1
reddit.com/user/sambachi,1
reddit.com/u/tnuocca-etaerc,1
reddit.com/u/yellowsnow2,1
reddit.com/u/Kabukikitsune,1
reddit.com/u/daddie_o,1
reddit.com/u/Apollinaris3000,1
reddit.com/u/ano1418,1
reddit.com/u/know_comment,1
reddit.com/u/sennhauser,1
reddit.com/u/writingtoss,1
reddit.com/user/ChompSwamp,1
reddit.com/u/QuestiongLiars,1
reddit.com/u/questionliars,1
reddit.com/u/QuestionLiars,1
reddit.com/u/emergdoc,1
np.reddit.com/user/Redimen,1
reddit.com/user/letsgo46,1
reddit.com/u/Dysnomi,1
reddit.com/u/Senior-Jesticle,1
reddit.com/u/ragecry,1
reddit.com/u/tspaghetti,1
reddit.com/u/TeslasMuse,1
reddit.com/u/SixVISix,1
reddit.com/u/MellowArtichoke,1
reddit.com/u/adhdferret,1
reddit.com/u/CherubDown,1
reddit.com/u/vabayad,1
reddit.com/u/benadreti,1
reddit.com/user/Gaget,1
reddit.com/user/FifthEnd/,1
reddit.com/user/libertatea,1
reddit.com/u/redditsucksatbanning,1
reddit.com/u/Tight_As_An_Owl,1
reddit.com/u/PsychedelicFryBread,1
reddit.com/u/auriem,1
reddit.com/u/ramenrider,1
reddit.com/u/salvia_d,1
reddit.com/u/elendanis,1
reddit.com/u/SomehowIveBeenBanned,1
reddit.com/u/idahoangler,1
reddit.com/u/conspiracycrank,1
reddit.com/user/BobbyAllstate,1
reddit.com/u/fuck_all_mods,1
reddit.com/u/TheGayMafia,1
np.reddit.com/user/shilllord,1
reddit.com/user/Apollo_wasnt_faked/,1
reddit.com/u/Bgriff42,1
reddit.com/u/BitchyTerrorist,1
reddit.com/user/quantumcipher,1
reddit.com/user/throwawawawawayyyyy1/comments/,1
reddit.com/user/Rub_Lowe,1
reddit.com/u/Tatersalad99,1
reddit.com/u/askjeeves14,1
reddit.com/u/OldNSmelly,1
reddit.com/u/Mok-A-Mak,1
reddit.com/u/StopGangstalking,1
reddit.com/u/stopgangstalking,1
reddit.com/u/laefil,1
reddit.com/u/Freedom-Seeker,1
reddit.com/u/Another-Chance,1
np.reddit.com/u/doctorexplosion,1
reddit.com/u/maxwellhill,1
reddit.com/u/sliquidsnake,1
reddit.com/u/Dino_Guy,1
reddit.com/u/kyle8998,1
reddit.com/u/Akareyon,1
reddit.com/u/PhrygianMode,1
reddit.com/u/letsnotargueplease,1
np.reddit.com/user/WTF_IN,1
reddit.com/u/DrJamesRusselMD,1
reddit.com/user/UFOsExist_DealWithIt,1
reddit.com/u/ShaunaDorothy,1
reddit.com/user/BorderlineGeographer,1
reddit.com/user/strai7s,1
reddit.com/user/MarquisDeGalliffet,1
reddit.com/user/PM_ME_YOUR_CEVICHE,1
reddit.com/user/GetHenchOrDieDogging,1
reddit.com/user/dhamu_92,1
reddit.com/u/CANT_TRUST_HILLARY,1
reddit.com/u/3rdEyeBall,1
reddit.com/u/heuheu,1
reddit.com/u/Perceptions_,1
reddit.com/u/Bohemos,1
reddit.com/u/jesusloves_you,1
reddit.com/u/PlainWithCheese,1
reddit.com/user/interrogatorybunny,1
reddit.com/user/Ilich/,1
reddit.com/user/leveretb1,1
reddit.com/u/jacks1000,1
reddit.com/u/JustAnotherGuyPoopin,1
reddit.com/u/OurJesuitPaymasters,1
reddit.com/user/Mywifefoundmymain#page=1,1
reddit.com/u/Gimace,1
reddit.com/u/iqlusion,1
reddit.com/u/gmattheis,1
reddit.com/u/N546RV,1
reddit.com/u/sugar,1
reddit.com/u/nerdshark,1
reddit.com/u/drthdonut,1
reddit.com/u/playaguy,1
reddit.com/u/NewHoustonian,1
reddit.com/u/upvoteifyourePartofMyUSGovMouthpieceBrigadeTeam,1
reddit.com/u/jamescolespardon,1
reddit.com/u/muhfreespeech1,1
reddit.com/u/Br00ce,1
reddit.com/u/ecafyelims,1
reddit.com/u/parisaxoxo,1
reddit.com/u/spatchcock,1
reddit.com/u/GodOfAtheism,1
reddit.com/u/TownIdiot25,1
reddit.com/u/spacelemon,1
reddit.com/u/Thehealeroftri,1
reddit.com/u/I_SHIT_A_BRICK,1
reddit.com/u/madd74,1
reddit.com/u/ParisaXOXO,1
reddit.com/u/ghostly175,1
reddit.com/u/Abandon-All-Hope,1
reddit.com/u/_I_Have_No_Mouth_,1
reddit.com/u/PitchforkEmporium,1
reddit.com/u/FireandLife,1
reddit.com/u/Zentiro,1
reddit.com/u/facereplacer3,1
reddit.com/u/RA2lover,1
reddit.com/user/AcutePathogen69,1
reddit.com/u/tg_wl,1
reddit.com/u/mik0r,1
reddit.com/user/MarkBeckner,1
np.reddit.com/user/martinshkreli,1
reddit.com/u/CANT_TRUST_HILLARY/,1
np.reddit.com/user/qaaqa/submitted/,1
reddit.com/u/shillyourself,1
reddit.com/user/Sensi_Pope,1
np.reddit.com/user/saferooom/,1
reddit.com/u/badgergecko,1
np.reddit.com/user/IRCR_Info_Bot,1
reddit.com/u/SphericalTriangles,1
reddit.com/u/dangersandwich,1
reddit.com/user/Plainjane777,1
reddit.com/user/selecant,1
reddit.com/user/am_got_laid,1
reddit.com/user/CANT_TRUST_HILLARY,1
reddit.com/u/meteorblade,1
reddit.com/u/AlwaysBeNice,1
reddit.com/u/specktech,1
reddit.com/u/illuminatedcandle,1
reddit.com/u/ArchangelleGabrielle,1
reddit.com/u/AssuredlyAThrowaway,1
reddit.com/u/A858DE45F56D9BC9,1
reddit.com/u/thenewmachine,1
reddit.com/u/ribbitcoin,1
reddit.com/u/wherearemyfeet,1
reddit.com/u/jf_queeny,1
reddit.com/u/monsantospaidshill,1
reddit.com/u/dtiftw,1
reddit.com/u/throwawayingtonville,1
reddit.com/u/adamwho,1
reddit.com/u/mem_somerville,1
reddit.com/u/ethidium-bromide,1
reddit.com/u/proudnz,1
reddit.com/u/erath_droid,1
reddit.com/u/ummahsultan,1
reddit.com/u/sleekery,1
reddit.com/u/scuderia,1
reddit.com/u/ryliberty,1
reddit.com/u/quicklypiggly,1
reddit.com/user/scathing1,1
reddit.com/u/user_history_bot,1
reddit.com/u/IamDolphLundgren,1
reddit.com/u/DolphLundgrenHere,1
reddit.com/user/axolotl_peyotl,1
reddit.com/u/kylde,1
reddit.com/u/Kylde,1
reddit.com/u/Whisper,1
reddit.com/u/DiggDejected,1
reddit.com/u/sirdigbychikincaesar,1
reddit.com/u/Ulvund,1
reddit.com/u/PhnomPencil,1
reddit.com/u/spunwasi,1
reddit.com/u/thashicray,1
reddit.com/u/exoendo,1
reddit.com/u/sushisushisushi,1
reddit.com/u/motsunabe,1
reddit.com/u/sarahbotts,1
reddit.com/u/inkw3ll,1
reddit.com/u/meat_for_the_beast,1
reddit.com/user/twsmith?count=26&before=t1_csbjb7k,1
reddit.com/u/TheAthiestPriest,1
reddit.com/u/Kn0thing,1
reddit.com/u/TuskEvil,1
reddit.com/u/bealan,1
reddit.com/u/catfunt,1
reddit.com/u/mrsnakers,1
reddit.com/u/CodezNotCypherz,1
reddit.com/user/ekjp,1
reddit.com/user/ekjp/comments/?sort=top#page=1,1
reddit.com/user/ninjago24,1
reddit.com/user/McSpydr,1
reddit.com/user/Redditor1512,1
reddit.com/user/naveedrao15,1
reddit.com/user/vis23,1
reddit.com/user/Roninakb,1
reddit.com/user/Snottywindow,1
reddit.com/user/LittleLidsSiobhan,1
reddit.com/user/Alyssaiakm28,1
reddit.com/user/Buonarroikoa,1
reddit.com/user/BallzDeep4dayz,1
reddit.com/user/alexgrades9067,1
reddit.com/user/sntflw,1
reddit.com/user/Freddieiakm,1
reddit.com/user/simonyu21,1
reddit.com/user/erichgonzales67210,1
reddit.com/user/Margaretik,1
reddit.com/user/shellybellybeans,1
reddit.com/user/BBmanoj,1
reddit.com/user/goldcross00,1
reddit.com/user/PrincessOfSweden,1
reddit.com/user/Tom45275,1
np.reddit.com/user/CanicularDispersion,1
reddit.com/u/dsprox,1
reddit.com/u/jory26,1
reddit.com/u/MOOSE,1
reddit.com/u/246O1G,1
reddit.com/u/georgy_k_zhukov,1
reddit.com/u/quouar,1
reddit.com/user/Curry730,1
reddit.com/user/ekjp/comments/,1
reddit.com/u/BetterJosh,1
reddit.com/u/Madmanquai,1
reddit.com/u/KrustyKoonKrackers,1
reddit.com/u/SportyStrawberry,1
reddit.com/u/HomerSimpsonXronize,1
reddit.com/u/The_Wizard_Of_Wang,1
reddit.com/user/JorgesDeBorges,1
reddit.com/user/OlfactoryOutrage,1
reddit.com/user/RudeRogerRoot,1
reddit.com/user/CindyAppleseed,1
reddit.com/user/BadBrotherBernard/,1
reddit.com/user/RoryTheFishmonger,1
reddit.com/user/SitForInspiration,1
reddit.com/user/WickedSisterPaulinas/,1
reddit.com/user/LocantoDe,1
reddit.com/user/YoshkaRas,1
reddit.com/user/Automation88,1
reddit.com/u/Doc_Bong,1
reddit.com/u/jarsnazzy,1
reddit.com/u/thinksalot,1
reddit.com/u/tadpole-throwaway,1
reddit.com/u/thehitmaniptf,1
reddit.com/u/tellme_are,1
reddit.com/u/Corporate_Greed,1
reddit.com/u/sunbolts,1
reddit.com/u/glitterlok,1
reddit.com/u/Love_and_Light,1
reddit.com/u/Love_and_Light33,1
np.reddit.com/user/PaoIsKillingReddit/m/paoiskillingreddit,1
reddit.com/u/Ajakson,1
reddit.com/u/blinkallthetime,1
reddit.com/u/anarchopotato,1
reddit.com/user/go1dfish?sort=top,1
reddit.com/u/TotesMessenger,1
reddit.com/u/totes_meta_bot,1
reddit.com/user/No_Mod_Zone,1
reddit.com/u/vatvay,1
reddit.com/u/karmanaut,1
reddit.com/u/abdullah_boogers,1
reddit.com/u/ifactor,1
reddit.com/u/redditmason,1
reddit.com/u/redditiscorrupt0,1
reddit.com/u/Laurelai,1
reddit.com/u/OccupyWallStreet,1
reddit.com/u/SabreMesh,1
reddit.com/u/trinabitch,1
reddit.com/u/NealMcBeal_NavySeal,1
reddit.com/u/-SPIRITUAL-GANSTER-,1
reddit.com/u/Hatesies,1
reddit.com/u/TheGhostInTheWeb,1
reddit.com/u/YouMayBeRight79,1
reddit.com/user/PoliticBot/m/transparency/search?q=flair%3Aprotectandserve&sort=top&restrict_sr=on&t=week,1
reddit.com/u/axolpeyotl,1
reddit.com/u/George_tenet,1
reddit.com/u/no1113,1
reddit.com/u/strokethekitty,1
reddit.com/u/RandoKillrizian,1
reddit.com/u/Mr_Winston_Smith,1
reddit.com/u/DiscoLollipop,1
reddit.com/u/un1ty,1
reddit.com/u/OnSpeakerCrab,1
reddit.com/u/BeneathTheRainbow,1
reddit.com/u/PraeterNational,1
reddit.com/u/Greg_Roberts_0985,1
reddit.com/u/Ob1_Kenobi,1
reddit.com/user/Quantum_Dranger/m/redditconspiracy,1
reddit.com/u/FIytape,1
reddit.com/u/TheDigitalKing,1
np.reddit.com/user/amProbablyPooping,1
reddit.com/u/wolfgang617,1
reddit.com/user/Trilingual/comments/?count=100&after=t1_cp8dqu5,1
reddit.com/u/damndirtylies,1
reddit.com/u/AB-racadabra,1
reddit.com/user/wherearemyfeet,1
reddit.com/user/TheGhostOfDusty/comments/,1
reddit.com/u/badBiosSavor,1
reddit.com/u/badbiosvictim,1
reddit.com/u/Xert,1
reddit.com/u/yutt0,1
reddit.com/u/v,1
reddit.com/u/countdown_to_what,1
reddit.com/user/falseflag_bestflag,1
reddit.com/user/generictossaway,1
reddit.com/u/PersianPenisBox,1
reddit.com/u/NiceJobHumanity,1
reddit.com/user/7he1RGood,1
reddit.com/u/InconvenientWitness,1
reddit.com/u/truthstreammedia,1
reddit.com/u/IrbyTremor,1
reddit.com/u/metareddit,1
reddit.com/u/oledammegard,1
reddit.com/u/classh0le,1
reddit.com/u/Ad-dy,1
reddit.com/user/118-19-57-9-W,1
reddit.com/user/flytape,1
np.reddit.com/user/Nine_Fingers,1
np.reddit.com/user/Strich-9,1
reddit.com/u/Oppose_Suppose,1
reddit.com/u/lolhaibai,1
reddit.com/u/pumpkin_bo,1
reddit.com/u/ebinasfuck,1
reddit.com/u/DeepHistory,1
reddit.com/user/OWNNWONOW,1
reddit.com/u/tksmase,1
reddit.com/u/canausernamebetoolon,1
reddit.com/u/gentle_drugs,1
reddit.com/user/gentle_drugs_mugger,1
reddit.com/u/100_Duck-sized_Ducks,1
reddit.com/u/toneli,1
reddit.com/user/a45ejaa5eja,1
reddit.com/u/ravageritual,1
reddit.com/u/twsmith,1
reddit.com/u/RileyFenn,1
reddit.com/u/jalalipop,1
reddit.com/u/internetpropagandist,1
reddit.com/u/4to6,1
reddit.com/user/ReturnOfMorelaak/,1
reddit.com/u/highlady420,1
reddit.com/user/syrian_atheist,1
reddit.com/u/yyhhggt,1
reddit.com/u/Irradiance,1
reddit.com/user/ThEtRuThSeEkEr1,1
reddit.com/u/Canadian__POG,1
reddit.com/u/not_jtrig,1
reddit.com/u/Richard_Gage,1
reddit.com/u/NAM007,1
reddit.com/user/crazyasianAC,1
reddit.com/u/putin_hates_cats,1
reddit.com/u/bcolbe,1
reddit.com/u/5loon,1
reddit.com/u/magnora,1
reddit.com/u/gameshowissues,1
reddit.com/u/BipolarBear,1
reddit.com/u/eightNote,1
reddit.com/u/Meepster23,1
reddit.com/u/Batty-Koda,1
reddit.com/u/emr1028,1
reddit.com/u/NWOwon,1
reddit.com/u/IAmAnAnonymousCoward,1
reddit.com/u/undeleteundelete,1
reddit.com/u/doubleas21380,1
reddit.com/u/lantern42,1
reddit.com/u/oh_no_aliens,1
reddit.com/u/tpa_bcn,1
reddit.com/u/daholk,1
reddit.com/u/jasj002,1
reddit.com/user/Libertatea,1
reddit.com/user/liberteatea,1
reddit.com/user/liberteata,1
reddit.com/user/libertateae,1
reddit.com/u/earthfister,1
reddit.com/user/Unity7777,1
reddit.com/u/EightRoundsRapid,1
reddit.com/u/AssuredlyaThrowAway,1
reddit.com/u/HateSpeechAlert,1
reddit.com/user/HateSpeechAlert,1
reddit.com/u/Jan_Brady,1
reddit.com/u/Doctor_Brain-Wave,1
reddit.com/user/cpxh,1
reddit.com/u/itsgremlin,1
reddit.com/user/OWNNWONOW/submitted/,1
np.reddit.com/user/20timesIsay/,1
reddit.com/u/Aruchphid3,1
reddit.com/u/ssn697,1
reddit.com/u/ewolv,1
reddit.com/u/cornroll,1
reddit.com/u/blackbirdrising,1
reddit.com/u/sinominous,1
reddit.com/u/KayneC,1
reddit.com/user/TheAgoristReport,1
reddit.com/u/aaaaaaba,1
reddit.com/u/BloodWillow,1
reddit.com/u/Bill_Murray2014,1
reddit.com/u/narcoticdruid,1
reddit.com/u/riomhaire,1
reddit.com/u/shadowofashadow,1
reddit.com/u/Sick_Of_Your_Shit,1
reddit.com/u/theghostofdusty,1
reddit.com/user/gulletsnowbird?sort=new,1
np.reddit.com/user/cossak_2/comments/,1
reddit.com/user/piarecruiter,1
reddit.com/user/txbex,1
reddit.com/u/rmekdaschi,1
reddit.com/user/PIArecruiter/submitted/,1
reddit.com/u/I_do_not_consent,1
reddit.com/user/buddhahat,1
reddit.com/u/worthless_meatsack,1
reddit.com/u/worthless_meatsacks,1
reddit.com/u/nullc,1
reddit.com/u/tele87,1
np.reddit.com/user/BashCo,1
reddit.com/u/fenixrisin,1
reddit.com/user/falafelcopter1998,1
reddit.com/u/Antiochus88,1
reddit.com/user/fort_dunder,1
reddit.com/u/Agent1_sock1,1
reddit.com/u/Agent1_sock2,1
reddit.com/u/Agent1_sock3,1
reddit.com/u/Agent1_sock4,1
reddit.com/u/Agent1_sock5,1
reddit.com/u/Agent2_sock1,1
reddit.com/u/Agent2_sock2,1
reddit.com/u/Agent2_sock3,1
reddit.com/u/Agent2_sock4,1
reddit.com/u/Agent2_sock5,1
reddit.com/u/gavy101,1
reddit.com/u/man_with_titties,1
reddit.com/u/NiceTryNSA,1
reddit.com/user/johnrobertson24,1
reddit.com/user/DavidJohnson26,1
reddit.com/user/TomJones27,1
reddit.com/user/maxwellhill/submitted/,1
reddit.com/user/I_Know_Who_Did_It,1
reddit.com/user/qgyh2,1
reddit.com/u/fouo,1
reddit.com/u/nknewshq,1
reddit.com/u/nknews,1
reddit.com/u/manwithoutmodem,1
reddit.com/user/adamwho,1
reddit.com/u/davireiss666,1
np.reddit.com/user/anutensil,1
np.reddit.com/user/maxwellhill,1
reddit.com/u/three_letter_agency,1
reddit.com/u/rejectandprotect,1
reddit.com/u/doctorbooshka,1
reddit.com/u/ling-,1
reddit.com/u/GirlWithoutLuck,1
reddit.com/u/IAmNotHariSeldon,1
reddit.com/u/QuebecMeme,1
reddit.com/u/mindsequalone,1
reddit.com/u/NewTruth221,1
reddit.com/u/screaming_librarian,1
np.reddit.com/user/screaming_librarian/submitted/,1
np.reddit.com/user/screaming_librarian/submitted/#page=1,1
reddit.com/u/MarlboroMundo,1
reddit.com/u/fishare,1
pay.reddit.com/user/important_data,1
reddit.com/u/Ministry99,1
reddit.com/u/Lomonosoff,1
reddit.com/u/RedWolfz0r,1
reddit.com/u/Rinnero,1
reddit.com/u/t123465642,1
reddit.com/u/supremecommand,1
reddit.com/u/affenjungr,1
reddit.com/u/dmnrmr,1
reddit.com/u/useronly,1
reddit.com/u/klooperator,1
reddit.com/u/downofwar,1
reddit.com/u/bobbybrown0503,1
reddit.com/u/Raduev,1
reddit.com/u/rsss87,1
reddit.com/u/LucifersCounsel,1
reddit.com/u/SameSlate,1
reddit.com/u/Definitely_Not_The_JIDF,1
reddit.com/u/letterbocks,1
np.reddit.com/user/75000_Tokkul,1
reddit.com/u/kattoo,1
reddit.com/u/oblivioustoobvious,1
reddit.com/u/d3sperad0,1
reddit.com/u/Conspiracy_Account,1
reddit.com/u/TechNarcissist88,1
reddit.com/u/wwwwho,1
reddit.com/user/Lellux,1
reddit.com/u/gizadog,1
reddit.com/u/User_History_Bot,1
reddit.com/u/Mindsequalone,1
reddit.com/user/_TEMPUS_FUGIT_,1
reddit.com/u/iamdusk02,1
reddit.com/u/belltolls,1
reddit.com/u/TheIllumingati,1
reddit.com/u/wordsandthingies,1
reddit.com/u/MrTulip,1
reddit.com/u/unixdrone4life,1
reddit.com/user/Silent-Scope,1
reddit.com/u/Faceshovel,1
reddit.com/u/GoyzIIMensch,1
reddit.com/u/SurfohNahmicks,1
reddit.com/u/Hang_the_shills,1
reddit.com/u/dand316,1
reddit.com/u/wizesass,1
reddit.com/u/PopeEstSatan,1
reddit.com/u/DefiantSutekh,1
reddit.com/u/glassa24,1
reddit.com/user/jsaintwinter,1
reddit.com/u/le_knight_club,1
reddit.com/u/Aqua_lung,1
reddit.com/u/actual_hacker,1
reddit.com/u/vagaryblue,1
reddit.com/u/defiantshill,1
reddit.com/u/Sutekhrising,1
reddit.com/u/person_mcname,1
reddit.com/u/tatonk,1
reddit.com/user/QuebecMeme,1
reddit.com/u/bumblingmumbling,1
reddit.com/u/0ccidentalist,1
reddit.com/u/reddit_banned_me,1
reddit.com/u/delelles,1
reddit.com/u/TreeMonger,1
reddit.com/u/SAT0725,1
reddit.com/user/InternetPropagandist,1
reddit.com/user/thinkahol,1
reddit.com/user/Sir_Jabroni,1
reddit.com/u/Cleopatra_Jones,1
reddit.com/u/Zbigniew_Brzezinski,1
reddit.com/u/grandmacaesar,1
reddit.com/u/MrsSippy,1
reddit.com/u/privatejoker,1
reddit.com/u/GrippinThaGrain,1
reddit.com/u/TheAccident1986,1
reddit.com/user/PresidentObama___,1
reddit.com/u/Happynessisawarmgun,1
reddit.com/u/Bipolarbear0,1
reddit.com/u/InterrogatoryBunny,1
reddit.com/u/RTFMicheal,1
reddit.com/u/periphery72271,1
reddit.com/user/periphery72271,1
reddit.com/u/Yourfavoitemexican,1
reddit.com/u/d8_thc,1
reddit.com/u/fexfexfex,1
reddit.com/u/candid_101,1
reddit.com/u/doggy_styles,1
reddit.com/u/Purimfest_1946,1
reddit.com/u/The_Silmarillion,1
reddit.com/u/Moir53,1
reddit.com/u/bozobozo,1
reddit.com/user/FreindlyFashist,1
reddit.com/u/poniyxa,1
reddit.com/user/Biff1234,1
reddit.com/user/fringebot5001/submitted/,1
reddit.com/u/CaptainAntwat,1
reddit.com/u/pacificdreams,1
reddit.com/u/yrugay,1
reddit.com/user/nigga-lips?sort=top,1
reddit.com/u/Cartesian_Doubt,1
reddit.com/user/kahirsch/,1
reddit.com/user/donttacoboutit?sort=hot,1
reddit.com/user/SkittlesYum,1
reddit.com/u/donttacobout,1
reddit.com/user/DontTacoBoutIt,1
reddit.com/u/Superconducter,1
reddit.com/user/stumped13,1
reddit.com/user/HITLER_IS_MEIN_NEGER,1
reddit.com/u/The_Turning_Away,1
reddit.com/u/begedele,1
reddit.com/user/navier_stokes,1
reddit.com/u/EvolutionTheory,1
reddit.com/user/rolldownthewindow,1
reddit.com/u/neotropic9,1
reddit.com/u/jsukracker,1
reddit.com/u/jsukrcker,1
reddit.com/u/blahblahbrfguner,1
reddit.com/u/doctechnical,1
reddit.com/u/BetYouCanNotTellMe,1
reddit.com/u/spooker_mcpatsy,1
reddit.com/u/ArchangelleDworkin,1
reddit.com/u/Twentyone_21,1
reddit.com/u/Carl_depaul_Dawkins,1
reddit.com/u/MeowMeow85,1
reddit.com/u/AttackTheMoon,1
reddit.com/u/New_wav,1
reddit.com/u/A_Cylon_Raider,1
reddit.com/u/AA_AgonistAgent,1
reddit.com/u/BFKelleher,1
reddit.com/u/eyjafjallajoekull,1
reddit.com/u/Anthropophobiac,1
reddit.com/u/dbcification,1
reddit.com/u/LL_Cult_J,1
reddit.com/u/BigGayIceCream,1
reddit.com/u/Greenduch,1
reddit.com/u/AbstergoSupplier,1
reddit.com/u/Selfhatredwoo,1
reddit.com/u/HoovesCarveCraters,1
reddit.com/u/SolarAquarion,1
reddit.com/u/TheGreatBeardofZeus,1
reddit.com/u/Splattypus,1
reddit.com/u/WACKY_ALL_CAPS_NAME,1
reddit.com/u/Illuminatesfolly,1
reddit.com/u/TAKEitTOrCIRCLEJERK,1
reddit.com/u/T_Dumbsford,1
reddit.com/u/PokemonConspiracies,1
reddit.com/u/Ductile,1
reddit.com/u/gravemind123,1
reddit.com/u/Moonmeh,1
reddit.com/u/oreography,1
reddit.com/u/Klaatu_Barada_Nikto,1
reddit.com/u/MilleniumFalc0n,1
reddit.com/u/MittRomneysCampaign,1
reddit.com/u/Esplin,1
reddit.com/u/notannakendrick,1
reddit.com/user/smokinbluebear,1
reddit.com/u/Weedtastic,1
reddit.com/u/fatman907,1
reddit.com/user/FVAnon,1
reddit.com/user/jcm267,1
reddit.com/user/illfingas,1
reddit.com/u/englishmunichfan,1
reddit.com/user/toiletscribble,1
reddit.com/user/benderostap,1
reddit.com/user/jstud_,1
reddit.com/user/concernedaboutdad,1
reddit.com/u/dahvee,1
reddit.com/u/muondragon,1
reddit.com/u/7777773,1
reddit.com/u/Rusty5hackleford,1
reddit.com/user/420Qween,1
reddit.com/u/sherog,1
reddit.com/u/mattgrimes,1
reddit.com/u/Skwerley,1
reddit.com/u/ThomasRoll,1
reddit.com/u/CANCER_PUNCH,1
reddit.com/user/Entikki,1
reddit.com/u/benjamindees,1
reddit.com/user/korbendallas87,1
reddit.com/user/JF_Queeny,1
reddit.com/u/Soullessandproud,1
reddit.com/user/kevinfolta,1
reddit.com/user/jend70sugar,1
reddit.com/u/kissarmymax,1
reddit.com/u/ronintetsuro,1
reddit.com/u/forgotten_legacy,1
reddit.com/u/TyPower,1
reddit.com/user/xt500,1
reddit.com/u/MalZclypso,1
reddit.com/user/bumblingmumbling/comments,1
reddit.com/u/leftsans,1
reddit.com/user/AaronSw,1
reddit.com/u/seanzay,1
reddit.com/user/ElectPrezCuntbag/,1
reddit.com/user/Yossarian4242/comments/,1
reddit.com/user/OCDTrigger,1
reddit.com/user/Jimmirehman,1
reddit.com/user/SutekhRising,1
reddit.com/u/GoodbyeWorldBot,1
reddit.com/user/PoliticBot,1
reddit.com/user/PLADIMIRVUTIN2012,1
reddit.com/user/Orangutan,1
reddit.com/user/bellcrank,1
reddit.com/user/mikesastro,1
web.archive.org/web/20090221153248/reddit.com/user/PresidentObama,1
reddit.com/u/throneandaltar,1
reddit.com/u/graped,1
reddit.com/user/robert_steele,1
reddit.com/user/king_okinawa,1
reddit.com/user/kokey,1
reddit.com/user/ManBearPigg,1
reddit.com/user/gst,1
reddit.com/user/rtmod,1
reddit.com/user/cuxparcrape,1
reddit.com/user/venixalmighty,1
reddit.com/user/EvilObstructionism,1
reddit.com/user/I_SHIT_KARMA/submitted/,1
reddit.com/user/drockjr,1
reddit.com/user/wampug,1
reddit.com/user/georedd/?rrdate=todaysdateabc,1
reddit.com/user/bigglesxyz,1
reddit.com/user/tr_morrison,1
reddit.com/user/ModsAreKillingReddit/,1
reddit.com/user/lahtida/,1
reddit.com/user/hariiey,1
reddit.com/user/forinseert,1
reddit.com/user/qweencee,1
reddit.com/user/ProyousArt,1
reddit.com/user/Kony-2012,1
reddit.com/user/ducksareokay,1
reddit.com/user/theBlumpkindle,1
reddit.com/user/blueberrydude5,1
reddit.com/user/iHeartPros,1
reddit.com/user/wtfsureprob,1
reddit.com/user/SexyAnteaterFromSpac,1
reddit.com/user/KeyworkSioni,1
reddit.com/user/terson,1
reddit.com/user/raxxaRn,1
reddit.com/user/I3rightside,1
reddit.com/user/CTorres17,1
reddit.com/user/Jnj71,1
reddit.com/user/JL-Engineer,1
reddit.com/user/everlynnie,1
reddit.com/user/JuanCova,1
reddit.com/user/H5Mind,1
reddit.com/user/justanormalusername,1
reddit.com/user/Zol74n,1
reddit.com/user/kbenton4,1
reddit.com/user/Flanman1337,1
reddit.com/user/QWERTYwarrior12,1
reddit.com/user/samryn16,1
reddit.com/user/megabiceps,1
reddit.com/user/HoinhimeOfLight,1
reddit.com/user/mbdave,1
reddit.com/user/TRIPPY_BISCUIT,1
reddit.com/user/DoctorWorm_,1
reddit.com/user/KaiserReisser,1
reddit.com/user/VelociraptorMaster,1
reddit.com/user/RyuNinja,1
reddit.com/user/heflin11,1
reddit.com/user/Babduberance,1
reddit.com/user/will_do,1
reddit.com/user/Tkins/,1
reddit.com/user/Skapo,1
reddit.com/user/djm9545,1
reddit.com/user/areyouhigh,1
reddit.com/user/fenrirctj89,1
reddit.com/user/WaffleSmoof,1
reddit.com/user/sfacets,1
reddit.com/user/Fullofblood/,1
reddit.com/user/Fullofblood/submitted/,1
reddit.com/user/FU_MTCONE/,1
reddit.com/user/pedalpedalpedal,1
reddit.com/user/nwo_defeated,1
reddit.com/user/GibraltarRock,1
reddit.com/user/tzvika613,1
reddit.com/user/NoNoLibertarians,1
reddit.com/user/georedd/submitted/?sort=controversial,1
reddit.com/user/disinfo_agent/,1
reddit.com/user/kr3at,1
reddit.com/user/carasso,1
reddit.com/user/georedd/submitted/?6,1
reddit.com/user/TheRealHortnon,1
reddit.com/user/hankPaulson,1
reddit.com/user/MartinTimothy,1
reddit.com/user/yellowcoward69,1
reddit.com/user/bumblingmumbling,1
reddit.com/user/Darrelc,1
reddit.com/user/conspiracydebunker/,1
reddit.com/user/ghibmmm,1
reddit.com/user/IrielFaid,1
reddit.com/user/khaledthegypsy,1
reddit.com/user/CubistTime,1
reddit.com/user/QueenElizabethII,1
reddit.com/user/thehappypianoman,1
reddit.com/user/goatz,1
reddit.com/user/21jack21/submitted/,1
reddit.com/user/AmyGrindhouse,1
reddit.com/user/costedanco,1
reddit.com/user/notthefather,1
reddit.com/user/riemannszeros/comments/,1
reddit.com/user/shrawed,1
reddit.com/user/Herkimer/comments/,1
reddit.com/user/Military_gunner,1
reddit.com/user/pets_or_meat/,1
reddit.com/user/riemannszeros/,1
